\BOOKMARK [0][-]{chapter.1}{\376\377\0001\000\040\000D\000i\000r\000e\000c\000t\000o\000r\000y\000\040\000H\000i\000e\000r\000a\000r\000c\000h\000y}{}% 1
\BOOKMARK [1][-]{section.1.1}{\376\377\0001\000.\0001\000\040\000D\000i\000r\000e\000c\000t\000o\000r\000i\000e\000s}{chapter.1}% 2
\BOOKMARK [0][-]{chapter.2}{\376\377\0002\000\040\000N\000a\000m\000e\000s\000p\000a\000c\000e\000\040\000I\000n\000d\000e\000x}{}% 3
\BOOKMARK [1][-]{section.2.1}{\376\377\0002\000.\0001\000\040\000N\000a\000m\000e\000s\000p\000a\000c\000e\000\040\000L\000i\000s\000t}{chapter.2}% 4
\BOOKMARK [0][-]{chapter.3}{\376\377\0003\000\040\000C\000l\000a\000s\000s\000\040\000I\000n\000d\000e\000x}{}% 5
\BOOKMARK [1][-]{section.3.1}{\376\377\0003\000.\0001\000\040\000C\000l\000a\000s\000s\000\040\000L\000i\000s\000t}{chapter.3}% 6
\BOOKMARK [0][-]{chapter.4}{\376\377\0004\000\040\000F\000i\000l\000e\000\040\000I\000n\000d\000e\000x}{}% 7
\BOOKMARK [1][-]{section.4.1}{\376\377\0004\000.\0001\000\040\000F\000i\000l\000e\000\040\000L\000i\000s\000t}{chapter.4}% 8
\BOOKMARK [0][-]{chapter.5}{\376\377\0005\000\040\000D\000i\000r\000e\000c\000t\000o\000r\000y\000\040\000D\000o\000c\000u\000m\000e\000n\000t\000a\000t\000i\000o\000n}{}% 9
\BOOKMARK [1][-]{section.5.1}{\376\377\0005\000.\0001\000\040\000m\000o\000d\000u\000l\000e\000s\000/\000i\000n\000c\000l\000u\000d\000e\000/\000A\000d\000d\000o\000n\000s\000\040\000D\000i\000r\000e\000c\000t\000o\000r\000y\000\040\000R\000e\000f\000e\000r\000e\000n\000c\000e}{chapter.5}% 10
\BOOKMARK [1][-]{section.5.2}{\376\377\0005\000.\0002\000\040\000m\000o\000d\000u\000l\000e\000s\000/\000s\000r\000c\000/\000K\000e\000r\000n\000e\000l\000/\000a\000l\000l\000o\000c\000a\000t\000o\000r\000\040\000D\000i\000r\000e\000c\000t\000o\000r\000y\000\040\000R\000e\000f\000e\000r\000e\000n\000c\000e}{chapter.5}% 11
\BOOKMARK [1][-]{section.5.3}{\376\377\0005\000.\0003\000\040\000m\000o\000d\000u\000l\000e\000s\000/\000i\000n\000c\000l\000u\000d\000e\000/\000A\000u\000d\000i\000o\000\040\000D\000i\000r\000e\000c\000t\000o\000r\000y\000\040\000R\000e\000f\000e\000r\000e\000n\000c\000e}{chapter.5}% 12
\BOOKMARK [1][-]{section.5.4}{\376\377\0005\000.\0004\000\040\000m\000o\000d\000u\000l\000e\000s\000/\000s\000r\000c\000/\000K\000e\000r\000n\000e\000l\000/\000c\000o\000n\000v\000e\000r\000t\000\040\000D\000i\000r\000e\000c\000t\000o\000r\000y\000\040\000R\000e\000f\000e\000r\000e\000n\000c\000e}{chapter.5}% 13
\BOOKMARK [1][-]{section.5.5}{\376\377\0005\000.\0005\000\040\000m\000o\000d\000u\000l\000e\000s\000/\000s\000r\000c\000/\000K\000e\000r\000n\000e\000l\000/\000d\000e\000b\000u\000g\000\040\000D\000i\000r\000e\000c\000t\000o\000r\000y\000\040\000R\000e\000f\000e\000r\000e\000n\000c\000e}{chapter.5}% 14
\BOOKMARK [1][-]{section.5.6}{\376\377\0005\000.\0006\000\040\000m\000o\000d\000u\000l\000e\000s\000/\000s\000r\000c\000/\000K\000e\000r\000n\000e\000l\000/\000d\000e\000f\000i\000n\000e\000d\000\040\000D\000i\000r\000e\000c\000t\000o\000r\000y\000\040\000R\000e\000f\000e\000r\000e\000n\000c\000e}{chapter.5}% 15
\BOOKMARK [1][-]{section.5.7}{\376\377\0005\000.\0007\000\040\000m\000o\000d\000u\000l\000e\000s\000/\000i\000n\000c\000l\000u\000d\000e\000/\000G\000r\000a\000p\000h\000i\000c\000s\000\040\000D\000i\000r\000e\000c\000t\000o\000r\000y\000\040\000R\000e\000f\000e\000r\000e\000n\000c\000e}{chapter.5}% 16
\BOOKMARK [1][-]{section.5.8}{\376\377\0005\000.\0008\000\040\000m\000o\000d\000u\000l\000e\000s\000/\000i\000n\000c\000l\000u\000d\000e\000\040\000D\000i\000r\000e\000c\000t\000o\000r\000y\000\040\000R\000e\000f\000e\000r\000e\000n\000c\000e}{chapter.5}% 17
\BOOKMARK [1][-]{section.5.9}{\376\377\0005\000.\0009\000\040\000m\000o\000d\000u\000l\000e\000s\000/\000i\000n\000c\000l\000u\000d\000e\000/\000K\000e\000r\000n\000e\000l\000\040\000D\000i\000r\000e\000c\000t\000o\000r\000y\000\040\000R\000e\000f\000e\000r\000e\000n\000c\000e}{chapter.5}% 18
\BOOKMARK [1][-]{section.5.10}{\376\377\0005\000.\0001\0000\000\040\000m\000o\000d\000u\000l\000e\000s\000/\000s\000r\000c\000/\000K\000e\000r\000n\000e\000l\000\040\000D\000i\000r\000e\000c\000t\000o\000r\000y\000\040\000R\000e\000f\000e\000r\000e\000n\000c\000e}{chapter.5}% 19
\BOOKMARK [1][-]{section.5.11}{\376\377\0005\000.\0001\0001\000\040\000m\000o\000d\000u\000l\000e\000s\000\040\000D\000i\000r\000e\000c\000t\000o\000r\000y\000\040\000R\000e\000f\000e\000r\000e\000n\000c\000e}{chapter.5}% 20
\BOOKMARK [1][-]{section.5.12}{\376\377\0005\000.\0001\0002\000\040\000m\000o\000d\000u\000l\000e\000s\000/\000i\000n\000c\000l\000u\000d\000e\000/\000N\000e\000t\000\040\000D\000i\000r\000e\000c\000t\000o\000r\000y\000\040\000R\000e\000f\000e\000r\000e\000n\000c\000e}{chapter.5}% 21
\BOOKMARK [1][-]{section.5.13}{\376\377\0005\000.\0001\0003\000\040\000m\000o\000d\000u\000l\000e\000s\000/\000i\000n\000c\000l\000u\000d\000e\000/\000N\000e\000u\000r\000a\000l\000\040\000D\000i\000r\000e\000c\000t\000o\000r\000y\000\040\000R\000e\000f\000e\000r\000e\000n\000c\000e}{chapter.5}% 22
\BOOKMARK [1][-]{section.5.14}{\376\377\0005\000.\0001\0004\000\040\000m\000o\000d\000u\000l\000e\000s\000/\000s\000r\000c\000/\000K\000e\000r\000n\000e\000l\000/\000p\000o\000i\000n\000t\000e\000r\000\040\000D\000i\000r\000e\000c\000t\000o\000r\000y\000\040\000R\000e\000f\000e\000r\000e\000n\000c\000e}{chapter.5}% 23
\BOOKMARK [1][-]{section.5.15}{\376\377\0005\000.\0001\0005\000\040\000m\000o\000d\000u\000l\000e\000s\000/\000s\000r\000c\000\040\000D\000i\000r\000e\000c\000t\000o\000r\000y\000\040\000R\000e\000f\000e\000r\000e\000n\000c\000e}{chapter.5}% 24
\BOOKMARK [1][-]{section.5.16}{\376\377\0005\000.\0001\0006\000\040\000m\000o\000d\000u\000l\000e\000s\000/\000i\000n\000c\000l\000u\000d\000e\000/\000W\000e\000b\000C\000o\000r\000e\000\040\000D\000i\000r\000e\000c\000t\000o\000r\000y\000\040\000R\000e\000f\000e\000r\000e\000n\000c\000e}{chapter.5}% 25
\BOOKMARK [1][-]{section.5.17}{\376\377\0005\000.\0001\0007\000\040\000m\000o\000d\000u\000l\000e\000s\000/\000i\000n\000c\000l\000u\000d\000e\000/\000W\000I\000P\000\040\000D\000i\000r\000e\000c\000t\000o\000r\000y\000\040\000R\000e\000f\000e\000r\000e\000n\000c\000e}{chapter.5}% 26
\BOOKMARK [0][-]{chapter.6}{\376\377\0006\000\040\000N\000a\000m\000e\000s\000p\000a\000c\000e\000\040\000D\000o\000c\000u\000m\000e\000n\000t\000a\000t\000i\000o\000n}{}% 27
\BOOKMARK [1][-]{section.6.1}{\376\377\0006\000.\0001\000\040\000R\000i\000n\000e\000g\000i\000n\000e\000\040\000N\000a\000m\000e\000s\000p\000a\000c\000e\000\040\000R\000e\000f\000e\000r\000e\000n\000c\000e}{chapter.6}% 28
\BOOKMARK [2][-]{subsection.6.1.1}{\376\377\0006\000.\0001\000.\0001\000\040\000E\000n\000u\000m\000e\000r\000a\000t\000i\000o\000n\000\040\000T\000y\000p\000e\000\040\000D\000o\000c\000u\000m\000e\000n\000t\000a\000t\000i\000o\000n}{section.6.1}% 29
\BOOKMARK [3][-]{subsubsection.6.1.1.1}{\376\377\0006\000.\0001\000.\0001\000.\0001\000\040\000C\000O\000N\000S\000O\000L\000E\000\137\000C\000O\000L\000O\000R\000\040\000[\0001\000/\0002\000]}{subsection.6.1.1}% 30
\BOOKMARK [3][-]{subsubsection.6.1.1.2}{\376\377\0006\000.\0001\000.\0001\000.\0002\000\040\000C\000O\000N\000S\000O\000L\000E\000\137\000C\000O\000L\000O\000R\000\040\000[\0002\000/\0002\000]}{subsection.6.1.1}% 31
\BOOKMARK [3][-]{subsubsection.6.1.1.3}{\376\377\0006\000.\0001\000.\0001\000.\0003\000\040\000E\000r\000r\000o\000r\000R\000i\000n\000e\000g\000i\000n\000e}{subsection.6.1.1}% 32
\BOOKMARK [3][-]{subsubsection.6.1.1.4}{\376\377\0006\000.\0001\000.\0001\000.\0004\000\040\000M\000o\000u\000s\000e\000\137\000S\000t\000a\000t\000e\000\040\000[\0001\000/\0002\000]}{subsection.6.1.1}% 33
\BOOKMARK [3][-]{subsubsection.6.1.1.5}{\376\377\0006\000.\0001\000.\0001\000.\0005\000\040\000M\000o\000u\000s\000e\000\137\000S\000t\000a\000t\000e\000\040\000[\0002\000/\0002\000]}{subsection.6.1.1}% 34
\BOOKMARK [3][-]{subsubsection.6.1.1.6}{\376\377\0006\000.\0001\000.\0001\000.\0006\000\040\000s\000\137\000d\000e\000l\000e\000t\000e\000\137\000e\000r\000r\000o\000r\000s}{subsection.6.1.1}% 35
\BOOKMARK [2][-]{subsection.6.1.2}{\376\377\0006\000.\0001\000.\0002\000\040\000F\000u\000n\000c\000t\000i\000o\000n\000\040\000D\000o\000c\000u\000m\000e\000n\000t\000a\000t\000i\000o\000n}{section.6.1}% 36
\BOOKMARK [3][-]{subsubsection.6.1.2.1}{\376\377\0006\000.\0001\000.\0002\000.\0001\000\040\000s\000\137\000m\000o\000v\000e\000\050\000\051}{subsection.6.1.2}% 37
\BOOKMARK [3][-]{subsubsection.6.1.2.2}{\376\377\0006\000.\0001\000.\0002\000.\0002\000\040\000T\000r\000y\000C\000a\000t\000c\000h\000\050\000\051}{subsection.6.1.2}% 38
\BOOKMARK [2][-]{subsection.6.1.3}{\376\377\0006\000.\0001\000.\0003\000\040\000V\000a\000r\000i\000a\000b\000l\000e\000\040\000D\000o\000c\000u\000m\000e\000n\000t\000a\000t\000i\000o\000n}{section.6.1}% 39
\BOOKMARK [3][-]{subsubsection.6.1.3.1}{\376\377\0006\000.\0001\000.\0003\000.\0001\000\040\000E\000r\000r\000o\000r\000C\000o\000d\000e}{subsection.6.1.3}% 40
\BOOKMARK [3][-]{subsubsection.6.1.3.2}{\376\377\0006\000.\0001\000.\0003\000.\0002\000\040\000n\000o\000t\000s\000e\000e\000i\000t\000m\000s\000g\000m\000o\000r\000e\000\040\000[\0001\000/\0002\000]}{subsection.6.1.3}% 41
\BOOKMARK [3][-]{subsubsection.6.1.3.3}{\376\377\0006\000.\0001\000.\0003\000.\0003\000\040\000n\000o\000t\000s\000e\000e\000i\000t\000m\000s\000g\000m\000o\000r\000e\000\040\000[\0002\000/\0002\000]}{subsection.6.1.3}% 42
\BOOKMARK [3][-]{subsubsection.6.1.3.4}{\376\377\0006\000.\0001\000.\0003\000.\0004\000\040\000R\000G\000\137\000E\000R\000R\000O\000R\000\137\000P\000R\000O\000G\000R\000A\000M}{subsection.6.1.3}% 43
\BOOKMARK [3][-]{subsubsection.6.1.3.5}{\376\377\0006\000.\0001\000.\0003\000.\0005\000\040\000R\000G\000\137\000K\000E\000Y\000S}{subsection.6.1.3}% 44
\BOOKMARK [3][-]{subsubsection.6.1.3.6}{\376\377\0006\000.\0001\000.\0003\000.\0006\000\040\000R\000G\000\137\000K\000E\000Y\000S\000\137\000T\000E\000S\000T}{subsection.6.1.3}% 45
\BOOKMARK [3][-]{subsubsection.6.1.3.7}{\376\377\0006\000.\0001\000.\0003\000.\0007\000\040\000R\000G\000\137\000M\000O\000U\000S\000E}{subsection.6.1.3}% 46
\BOOKMARK [3][-]{subsubsection.6.1.3.8}{\376\377\0006\000.\0001\000.\0003\000.\0008\000\040\000R\000I\000N\000E\000G\000I\000N\000E\000\137\000I\000S\000\137\000I\000N\000I\000T}{subsection.6.1.3}% 47
\BOOKMARK [1][-]{section.6.2}{\376\377\0006\000.\0002\000\040\000R\000i\000n\000e\000g\000i\000n\000e\000:\000:\000L\000o\000c\000k\000\040\000N\000a\000m\000e\000s\000p\000a\000c\000e\000\040\000R\000e\000f\000e\000r\000e\000n\000c\000e}{chapter.6}% 48
\BOOKMARK [2][-]{subsection.6.2.1}{\376\377\0006\000.\0002\000.\0001\000\040\000V\000a\000r\000i\000a\000b\000l\000e\000\040\000D\000o\000c\000u\000m\000e\000n\000t\000a\000t\000i\000o\000n}{section.6.2}% 49
\BOOKMARK [3][-]{subsubsection.6.2.1.1}{\376\377\0006\000.\0002\000.\0001\000.\0001\000\040\000M\000a\000g\000i\000c\000\137\000N\000u\000m\000\040\000[\0001\000/\0002\000]}{subsection.6.2.1}% 50
\BOOKMARK [3][-]{subsubsection.6.2.1.2}{\376\377\0006\000.\0002\000.\0001\000.\0002\000\040\000M\000a\000g\000i\000c\000\137\000N\000u\000m\000\040\000[\0002\000/\0002\000]}{subsection.6.2.1}% 51
\BOOKMARK [3][-]{subsubsection.6.2.1.3}{\376\377\0006\000.\0002\000.\0001\000.\0003\000\040\000M\000e\000m\000U\000s\000e\000d\000\040\000[\0001\000/\0003\000]}{subsection.6.2.1}% 52
\BOOKMARK [3][-]{subsubsection.6.2.1.4}{\376\377\0006\000.\0002\000.\0001\000.\0004\000\040\000M\000e\000m\000U\000s\000e\000d\000\040\000[\0002\000/\0003\000]}{subsection.6.2.1}% 53
\BOOKMARK [3][-]{subsubsection.6.2.1.5}{\376\377\0006\000.\0002\000.\0001\000.\0005\000\040\000M\000e\000m\000U\000s\000e\000d\000\040\000[\0003\000/\0003\000]}{subsection.6.2.1}% 54
\BOOKMARK [1][-]{section.6.3}{\376\377\0006\000.\0003\000\040\000R\000i\000n\000e\000g\000i\000n\000e\000:\000:\000L\000o\000g\000\040\000N\000a\000m\000e\000s\000p\000a\000c\000e\000\040\000R\000e\000f\000e\000r\000e\000n\000c\000e}{chapter.6}% 55
\BOOKMARK [2][-]{subsection.6.3.1}{\376\377\0006\000.\0003\000.\0001\000\040\000E\000n\000u\000m\000e\000r\000a\000t\000i\000o\000n\000\040\000T\000y\000p\000e\000\040\000D\000o\000c\000u\000m\000e\000n\000t\000a\000t\000i\000o\000n}{section.6.3}% 56
\BOOKMARK [3][-]{subsubsection.6.3.1.1}{\376\377\0006\000.\0003\000.\0001\000.\0001\000\040\000T\000y\000p\000e\000s\000\040\000[\0001\000/\0002\000]}{subsection.6.3.1}% 57
\BOOKMARK [3][-]{subsubsection.6.3.1.2}{\376\377\0006\000.\0003\000.\0001\000.\0002\000\040\000T\000y\000p\000e\000s\000\040\000[\0002\000/\0002\000]}{subsection.6.3.1}% 58
\BOOKMARK [0][-]{chapter.7}{\376\377\0007\000\040\000C\000l\000a\000s\000s\000\040\000D\000o\000c\000u\000m\000e\000n\000t\000a\000t\000i\000o\000n}{}% 59
\BOOKMARK [1][-]{section.7.1}{\376\377\0007\000.\0001\000\040\000R\000i\000n\000e\000g\000i\000n\000e\000:\000:\000K\000e\000r\000n\000e\000l\000:\000:\000A\000l\000l\000o\000c\000a\000t\000o\000r\000:\000:\000\137\000m\000a\000p\000\040\000S\000t\000r\000u\000c\000t\000\040\000R\000e\000f\000e\000r\000e\000n\000c\000e}{chapter.7}% 60
\BOOKMARK [2][-]{subsection.7.1.1}{\376\377\0007\000.\0001\000.\0001\000\040\000M\000e\000m\000b\000e\000r\000\040\000D\000a\000t\000a\000\040\000D\000o\000c\000u\000m\000e\000n\000t\000a\000t\000i\000o\000n}{section.7.1}% 61
\BOOKMARK [3][-]{subsubsection.7.1.1.1}{\376\377\0007\000.\0001\000.\0001\000.\0001\000\040\000\137\000m\000e\000m}{subsection.7.1.1}% 62
\BOOKMARK [3][-]{subsubsection.7.1.1.2}{\376\377\0007\000.\0001\000.\0001\000.\0002\000\040\000m\000a\000g\000n\000u\000m}{subsection.7.1.1}% 63
\BOOKMARK [1][-]{section.7.2}{\376\377\0007\000.\0002\000\040\000R\000i\000n\000e\000g\000i\000n\000e\000:\000:\000K\000e\000r\000n\000e\000l\000:\000:\000A\000l\000l\000o\000c\000a\000t\000o\000r\000\040\000C\000l\000a\000s\000s\000\040\000R\000e\000f\000e\000r\000e\000n\000c\000e}{chapter.7}% 64
\BOOKMARK [2][-]{subsection.7.2.1}{\376\377\0007\000.\0002\000.\0001\000\040\000D\000e\000t\000a\000i\000l\000e\000d\000\040\000D\000e\000s\000c\000r\000i\000p\000t\000i\000o\000n}{section.7.2}% 65
\BOOKMARK [2][-]{subsection.7.2.2}{\376\377\0007\000.\0002\000.\0002\000\040\000C\000o\000n\000s\000t\000r\000u\000c\000t\000o\000r\000\040\000\046\000\040\000D\000e\000s\000t\000r\000u\000c\000t\000o\000r\000\040\000D\000o\000c\000u\000m\000e\000n\000t\000a\000t\000i\000o\000n}{section.7.2}% 66
\BOOKMARK [3][-]{subsubsection.7.2.2.1}{\376\377\0007\000.\0002\000.\0002\000.\0001\000\040\000A\000l\000l\000o\000c\000a\000t\000o\000r\000\050\000\051}{subsection.7.2.2}% 67
\BOOKMARK [2][-]{subsection.7.2.3}{\376\377\0007\000.\0002\000.\0003\000\040\000M\000e\000m\000b\000e\000r\000\040\000F\000u\000n\000c\000t\000i\000o\000n\000\040\000D\000o\000c\000u\000m\000e\000n\000t\000a\000t\000i\000o\000n}{section.7.2}% 68
\BOOKMARK [3][-]{subsubsection.7.2.3.1}{\376\377\0007\000.\0002\000.\0003\000.\0001\000\040\000i\000n\000i\000t\000\050\000\051}{subsection.7.2.3}% 69
\BOOKMARK [3][-]{subsubsection.7.2.3.2}{\376\377\0007\000.\0002\000.\0003\000.\0002\000\040\000p\000r\000i\000n\000t\000\137\000m\000a\000p\000\050\000\051}{subsection.7.2.3}% 70
\BOOKMARK [3][-]{subsubsection.7.2.3.3}{\376\377\0007\000.\0002\000.\0003\000.\0003\000\040\000p\000u\000s\000h\000\050\000\051}{subsection.7.2.3}% 71
\BOOKMARK [3][-]{subsubsection.7.2.3.4}{\376\377\0007\000.\0002\000.\0003\000.\0004\000\040\000r\000g\000\137\000m\000a\000p\000\137\000t\000e\000s\000t\000\050\000\051}{subsection.7.2.3}% 72
\BOOKMARK [3][-]{subsubsection.7.2.3.5}{\376\377\0007\000.\0002\000.\0003\000.\0005\000\040\000s\000\137\000f\000r\000e\000e\000\050\000\051}{subsection.7.2.3}% 73
\BOOKMARK [3][-]{subsubsection.7.2.3.6}{\376\377\0007\000.\0002\000.\0003\000.\0006\000\040\000s\000\137\000m\000a\000p\000\050\000\051}{subsection.7.2.3}% 74
\BOOKMARK [3][-]{subsubsection.7.2.3.7}{\376\377\0007\000.\0002\000.\0003\000.\0007\000\040\000s\000\137\000n\000e\000w\000\050\000\051}{subsection.7.2.3}% 75
\BOOKMARK [2][-]{subsection.7.2.4}{\376\377\0007\000.\0002\000.\0004\000\040\000M\000e\000m\000b\000e\000r\000\040\000D\000a\000t\000a\000\040\000D\000o\000c\000u\000m\000e\000n\000t\000a\000t\000i\000o\000n}{section.7.2}% 76
\BOOKMARK [3][-]{subsubsection.7.2.4.1}{\376\377\0007\000.\0002\000.\0004\000.\0001\000\040\000\137\000m\000a\000i\000n\000\137\000m\000a\000p}{subsection.7.2.4}% 77
\BOOKMARK [3][-]{subsubsection.7.2.4.2}{\376\377\0007\000.\0002\000.\0004\000.\0002\000\040\000g\000\137\000p\000a\000g\000e\000\137\000m\000a\000s\000k}{subsection.7.2.4}% 78
\BOOKMARK [1][-]{section.7.3}{\376\377\0007\000.\0003\000\040\000R\000i\000n\000e\000g\000i\000n\000e\000:\000:\000K\000e\000r\000n\000e\000l\000:\000:\000A\000r\000r\000a\000y\000<\000\040\000t\000y\000p\000e\000\040\000>\000\040\000C\000l\000a\000s\000s\000\040\000T\000e\000m\000p\000l\000a\000t\000e\000\040\000R\000e\000f\000e\000r\000e\000n\000c\000e}{chapter.7}% 79
\BOOKMARK [2][-]{subsection.7.3.1}{\376\377\0007\000.\0003\000.\0001\000\040\000C\000o\000n\000s\000t\000r\000u\000c\000t\000o\000r\000\040\000\046\000\040\000D\000e\000s\000t\000r\000u\000c\000t\000o\000r\000\040\000D\000o\000c\000u\000m\000e\000n\000t\000a\000t\000i\000o\000n}{section.7.3}% 80
\BOOKMARK [3][-]{subsubsection.7.3.1.1}{\376\377\0007\000.\0003\000.\0001\000.\0001\000\040\000A\000r\000r\000a\000y\000\050\000\051\000\040\000[\0001\000/\0009\000]}{subsection.7.3.1}% 81
\BOOKMARK [3][-]{subsubsection.7.3.1.2}{\376\377\0007\000.\0003\000.\0001\000.\0002\000\040\000A\000r\000r\000a\000y\000\050\000\051\000\040\000[\0002\000/\0009\000]}{subsection.7.3.1}% 82
\BOOKMARK [3][-]{subsubsection.7.3.1.3}{\376\377\0007\000.\0003\000.\0001\000.\0003\000\040\000A\000r\000r\000a\000y\000\050\000\051\000\040\000[\0003\000/\0009\000]}{subsection.7.3.1}% 83
\BOOKMARK [3][-]{subsubsection.7.3.1.4}{\376\377\0007\000.\0003\000.\0001\000.\0004\000\040\000A\000r\000r\000a\000y\000\050\000\051\000\040\000[\0004\000/\0009\000]}{subsection.7.3.1}% 84
\BOOKMARK [3][-]{subsubsection.7.3.1.5}{\376\377\0007\000.\0003\000.\0001\000.\0005\000\040\000A\000r\000r\000a\000y\000\050\000\051\000\040\000[\0005\000/\0009\000]}{subsection.7.3.1}% 85
\BOOKMARK [3][-]{subsubsection.7.3.1.6}{\376\377\0007\000.\0003\000.\0001\000.\0006\000\040\000A\000r\000r\000a\000y\000\050\000\051\000\040\000[\0006\000/\0009\000]}{subsection.7.3.1}% 86
\BOOKMARK [3][-]{subsubsection.7.3.1.7}{\376\377\0007\000.\0003\000.\0001\000.\0007\000\040\000A\000r\000r\000a\000y\000\050\000\051\000\040\000[\0007\000/\0009\000]}{subsection.7.3.1}% 87
\BOOKMARK [3][-]{subsubsection.7.3.1.8}{\376\377\0007\000.\0003\000.\0001\000.\0008\000\040\000A\000r\000r\000a\000y\000\050\000\051\000\040\000[\0008\000/\0009\000]}{subsection.7.3.1}% 88
\BOOKMARK [3][-]{subsubsection.7.3.1.9}{\376\377\0007\000.\0003\000.\0001\000.\0009\000\040\000A\000r\000r\000a\000y\000\050\000\051\000\040\000[\0009\000/\0009\000]}{subsection.7.3.1}% 89
\BOOKMARK [3][-]{subsubsection.7.3.1.10}{\376\377\0007\000.\0003\000.\0001\000.\0001\0000\000\040\000~\000A\000r\000r\000a\000y\000\050\000\051}{subsection.7.3.1}% 90
\BOOKMARK [2][-]{subsection.7.3.2}{\376\377\0007\000.\0003\000.\0002\000\040\000M\000e\000m\000b\000e\000r\000\040\000F\000u\000n\000c\000t\000i\000o\000n\000\040\000D\000o\000c\000u\000m\000e\000n\000t\000a\000t\000i\000o\000n}{section.7.3}% 91
\BOOKMARK [3][-]{subsubsection.7.3.2.1}{\376\377\0007\000.\0003\000.\0002\000.\0001\000\040\000b\000a\000c\000k\000\050\000\051}{subsection.7.3.2}% 92
\BOOKMARK [3][-]{subsubsection.7.3.2.2}{\376\377\0007\000.\0003\000.\0002\000.\0002\000\040\000b\000e\000g\000i\000n\000\050\000\051}{subsection.7.3.2}% 93
\BOOKMARK [3][-]{subsubsection.7.3.2.3}{\376\377\0007\000.\0003\000.\0002\000.\0003\000\040\000c\000l\000e\000a\000r\000\050\000\051}{subsection.7.3.2}% 94
\BOOKMARK [3][-]{subsubsection.7.3.2.4}{\376\377\0007\000.\0003\000.\0002\000.\0004\000\040\000c\000o\000p\000y\000\050\000\051}{subsection.7.3.2}% 95
\BOOKMARK [3][-]{subsubsection.7.3.2.5}{\376\377\0007\000.\0003\000.\0002\000.\0005\000\040\000d\000a\000t\000a\000\050\000\051}{subsection.7.3.2}% 96
\BOOKMARK [3][-]{subsubsection.7.3.2.6}{\376\377\0007\000.\0003\000.\0002\000.\0006\000\040\000e\000m\000p\000l\000a\000c\000e\000\137\000b\000a\000c\000k\000\050\000\051}{subsection.7.3.2}% 97
\BOOKMARK [3][-]{subsubsection.7.3.2.7}{\376\377\0007\000.\0003\000.\0002\000.\0007\000\040\000e\000m\000p\000t\000y\000\050\000\051}{subsection.7.3.2}% 98
\BOOKMARK [3][-]{subsubsection.7.3.2.8}{\376\377\0007\000.\0003\000.\0002\000.\0008\000\040\000e\000n\000d\000\050\000\051}{subsection.7.3.2}% 99
\BOOKMARK [3][-]{subsubsection.7.3.2.9}{\376\377\0007\000.\0003\000.\0002\000.\0009\000\040\000f\000a\000s\000t\000\137\000c\000l\000e\000a\000r\000\050\000\051}{subsection.7.3.2}% 100
\BOOKMARK [3][-]{subsubsection.7.3.2.10}{\376\377\0007\000.\0003\000.\0002\000.\0001\0000\000\040\000f\000a\000s\000t\000c\000l\000e\000a\000r\000\050\000\051}{subsection.7.3.2}% 101
\BOOKMARK [3][-]{subsubsection.7.3.2.11}{\376\377\0007\000.\0003\000.\0002\000.\0001\0001\000\040\000f\000a\000s\000t\000e\000m\000p\000l\000a\000c\000e\000\050\000\051}{subsection.7.3.2}% 102
\BOOKMARK [3][-]{subsubsection.7.3.2.12}{\376\377\0007\000.\0003\000.\0002\000.\0001\0002\000\040\000f\000a\000s\000t\000p\000o\000p\000\050\000\051}{subsection.7.3.2}% 103
\BOOKMARK [3][-]{subsubsection.7.3.2.13}{\376\377\0007\000.\0003\000.\0002\000.\0001\0003\000\040\000f\000a\000s\000t\000p\000u\000s\000h\000\050\000\051\000\040\000[\0001\000/\0007\000]}{subsection.7.3.2}% 104
\BOOKMARK [3][-]{subsubsection.7.3.2.14}{\376\377\0007\000.\0003\000.\0002\000.\0001\0004\000\040\000f\000a\000s\000t\000p\000u\000s\000h\000\050\000\051\000\040\000[\0002\000/\0007\000]}{subsection.7.3.2}% 105
\BOOKMARK [3][-]{subsubsection.7.3.2.15}{\376\377\0007\000.\0003\000.\0002\000.\0001\0005\000\040\000f\000a\000s\000t\000p\000u\000s\000h\000\050\000\051\000\040\000[\0003\000/\0007\000]}{subsection.7.3.2}% 106
\BOOKMARK [3][-]{subsubsection.7.3.2.16}{\376\377\0007\000.\0003\000.\0002\000.\0001\0006\000\040\000f\000a\000s\000t\000p\000u\000s\000h\000\050\000\051\000\040\000[\0004\000/\0007\000]}{subsection.7.3.2}% 107
\BOOKMARK [3][-]{subsubsection.7.3.2.17}{\376\377\0007\000.\0003\000.\0002\000.\0001\0007\000\040\000f\000a\000s\000t\000p\000u\000s\000h\000\050\000\051\000\040\000[\0005\000/\0007\000]}{subsection.7.3.2}% 108
\BOOKMARK [3][-]{subsubsection.7.3.2.18}{\376\377\0007\000.\0003\000.\0002\000.\0001\0008\000\040\000f\000a\000s\000t\000p\000u\000s\000h\000\050\000\051\000\040\000[\0006\000/\0007\000]}{subsection.7.3.2}% 109
\BOOKMARK [3][-]{subsubsection.7.3.2.19}{\376\377\0007\000.\0003\000.\0002\000.\0001\0009\000\040\000f\000a\000s\000t\000p\000u\000s\000h\000\050\000\051\000\040\000[\0007\000/\0007\000]}{subsection.7.3.2}% 110
\BOOKMARK [3][-]{subsubsection.7.3.2.20}{\376\377\0007\000.\0003\000.\0002\000.\0002\0000\000\040\000f\000i\000l\000l\000\050\000\051\000\040\000[\0001\000/\0004\000]}{subsection.7.3.2}% 111
\BOOKMARK [3][-]{subsubsection.7.3.2.21}{\376\377\0007\000.\0003\000.\0002\000.\0002\0001\000\040\000f\000i\000l\000l\000\050\000\051\000\040\000[\0002\000/\0004\000]}{subsection.7.3.2}% 112
\BOOKMARK [3][-]{subsubsection.7.3.2.22}{\376\377\0007\000.\0003\000.\0002\000.\0002\0002\000\040\000f\000i\000l\000l\000\050\000\051\000\040\000[\0003\000/\0004\000]}{subsection.7.3.2}% 113
\BOOKMARK [3][-]{subsubsection.7.3.2.23}{\376\377\0007\000.\0003\000.\0002\000.\0002\0003\000\040\000f\000i\000l\000l\000\050\000\051\000\040\000[\0004\000/\0004\000]}{subsection.7.3.2}% 114
\BOOKMARK [3][-]{subsubsection.7.3.2.24}{\376\377\0007\000.\0003\000.\0002\000.\0002\0004\000\040\000f\000i\000l\000l\000\137\000r\000a\000n\000g\000e\000\137\000r\000a\000n\000d\000o\000m\000\050\000\051}{subsection.7.3.2}% 115
\BOOKMARK [3][-]{subsubsection.7.3.2.25}{\376\377\0007\000.\0003\000.\0002\000.\0002\0005\000\040\000f\000i\000l\000l\000f\000u\000l\000l\000\050\000\051}{subsection.7.3.2}% 116
\BOOKMARK [3][-]{subsubsection.7.3.2.26}{\376\377\0007\000.\0003\000.\0002\000.\0002\0006\000\040\000g\000e\000t\000\050\000\051\000\040\000[\0001\000/\0003\000]}{subsection.7.3.2}% 117
\BOOKMARK [3][-]{subsubsection.7.3.2.27}{\376\377\0007\000.\0003\000.\0002\000.\0002\0007\000\040\000g\000e\000t\000\050\000\051\000\040\000[\0002\000/\0003\000]}{subsection.7.3.2}% 118
\BOOKMARK [3][-]{subsubsection.7.3.2.28}{\376\377\0007\000.\0003\000.\0002\000.\0002\0008\000\040\000g\000e\000t\000\050\000\051\000\040\000[\0003\000/\0003\000]}{subsection.7.3.2}% 119
\BOOKMARK [3][-]{subsubsection.7.3.2.29}{\376\377\0007\000.\0003\000.\0002\000.\0002\0009\000\040\000g\000e\000t\000\137\000a\000r\000r\000\050\000\051}{subsection.7.3.2}% 120
\BOOKMARK [3][-]{subsubsection.7.3.2.30}{\376\377\0007\000.\0003\000.\0002\000.\0003\0000\000\040\000g\000e\000t\000\137\000a\000r\000r\000a\000y\000\050\000\051}{subsection.7.3.2}% 121
\BOOKMARK [3][-]{subsubsection.7.3.2.31}{\376\377\0007\000.\0003\000.\0002\000.\0003\0001\000\040\000g\000e\000t\000\137\000s\000t\000r\000i\000n\000g\000\050\000\051}{subsection.7.3.2}% 122
\BOOKMARK [3][-]{subsubsection.7.3.2.32}{\376\377\0007\000.\0003\000.\0002\000.\0003\0002\000\040\000i\000n\000i\000t\000\050\000\051\000\040\000[\0001\000/\0007\000]}{subsection.7.3.2}% 123
\BOOKMARK [3][-]{subsubsection.7.3.2.33}{\376\377\0007\000.\0003\000.\0002\000.\0003\0003\000\040\000i\000n\000i\000t\000\050\000\051\000\040\000[\0002\000/\0007\000]}{subsection.7.3.2}% 124
\BOOKMARK [3][-]{subsubsection.7.3.2.34}{\376\377\0007\000.\0003\000.\0002\000.\0003\0004\000\040\000i\000n\000i\000t\000\050\000\051\000\040\000[\0003\000/\0007\000]}{subsection.7.3.2}% 125
\BOOKMARK [3][-]{subsubsection.7.3.2.35}{\376\377\0007\000.\0003\000.\0002\000.\0003\0005\000\040\000i\000n\000i\000t\000\050\000\051\000\040\000[\0004\000/\0007\000]}{subsection.7.3.2}% 126
\BOOKMARK [3][-]{subsubsection.7.3.2.36}{\376\377\0007\000.\0003\000.\0002\000.\0003\0006\000\040\000i\000n\000i\000t\000\050\000\051\000\040\000[\0005\000/\0007\000]}{subsection.7.3.2}% 127
\BOOKMARK [3][-]{subsubsection.7.3.2.37}{\376\377\0007\000.\0003\000.\0002\000.\0003\0007\000\040\000i\000n\000i\000t\000\050\000\051\000\040\000[\0006\000/\0007\000]}{subsection.7.3.2}% 128
\BOOKMARK [3][-]{subsubsection.7.3.2.38}{\376\377\0007\000.\0003\000.\0002\000.\0003\0008\000\040\000i\000n\000i\000t\000\050\000\051\000\040\000[\0007\000/\0007\000]}{subsection.7.3.2}% 129
\BOOKMARK [3][-]{subsubsection.7.3.2.39}{\376\377\0007\000.\0003\000.\0002\000.\0003\0009\000\040\000m\000o\000v\000e\000f\000i\000l\000l\000\050\000\051}{subsection.7.3.2}% 130
\BOOKMARK [3][-]{subsubsection.7.3.2.40}{\376\377\0007\000.\0003\000.\0002\000.\0004\0000\000\040\000o\000p\000e\000r\000a\000t\000o\000r\000\045\000\050\000\051}{subsection.7.3.2}% 131
\BOOKMARK [3][-]{subsubsection.7.3.2.41}{\376\377\0007\000.\0003\000.\0002\000.\0004\0001\000\040\000o\000p\000e\000r\000a\000t\000o\000r\000*\000\050\000\051\000\040\000[\0001\000/\0003\000]}{subsection.7.3.2}% 132
\BOOKMARK [3][-]{subsubsection.7.3.2.42}{\376\377\0007\000.\0003\000.\0002\000.\0004\0002\000\040\000o\000p\000e\000r\000a\000t\000o\000r\000*\000\050\000\051\000\040\000[\0002\000/\0003\000]}{subsection.7.3.2}% 133
\BOOKMARK [3][-]{subsubsection.7.3.2.43}{\376\377\0007\000.\0003\000.\0002\000.\0004\0003\000\040\000o\000p\000e\000r\000a\000t\000o\000r\000*\000\050\000\051\000\040\000[\0003\000/\0003\000]}{subsection.7.3.2}% 134
\BOOKMARK [3][-]{subsubsection.7.3.2.44}{\376\377\0007\000.\0003\000.\0002\000.\0004\0004\000\040\000o\000p\000e\000r\000a\000t\000o\000r\000+\000\050\000\051}{subsection.7.3.2}% 135
\BOOKMARK [3][-]{subsubsection.7.3.2.45}{\376\377\0007\000.\0003\000.\0002\000.\0004\0005\000\040\000o\000p\000e\000r\000a\000t\000o\000r\000+\000=\000\050\000\051}{subsection.7.3.2}% 136
\BOOKMARK [3][-]{subsubsection.7.3.2.46}{\376\377\0007\000.\0003\000.\0002\000.\0004\0006\000\040\000o\000p\000e\000r\000a\000t\000o\000r\000-\000\050\000\051}{subsection.7.3.2}% 137
\BOOKMARK [3][-]{subsubsection.7.3.2.47}{\376\377\0007\000.\0003\000.\0002\000.\0004\0007\000\040\000o\000p\000e\000r\000a\000t\000o\000r\000-\000=\000\050\000\051}{subsection.7.3.2}% 138
\BOOKMARK [3][-]{subsubsection.7.3.2.48}{\376\377\0007\000.\0003\000.\0002\000.\0004\0008\000\040\000o\000p\000e\000r\000a\000t\000o\000r\000=\000\050\000\051\000\040\000[\0001\000/\0005\000]}{subsection.7.3.2}% 139
\BOOKMARK [3][-]{subsubsection.7.3.2.49}{\376\377\0007\000.\0003\000.\0002\000.\0004\0009\000\040\000o\000p\000e\000r\000a\000t\000o\000r\000=\000\050\000\051\000\040\000[\0002\000/\0005\000]}{subsection.7.3.2}% 140
\BOOKMARK [3][-]{subsubsection.7.3.2.50}{\376\377\0007\000.\0003\000.\0002\000.\0005\0000\000\040\000o\000p\000e\000r\000a\000t\000o\000r\000=\000\050\000\051\000\040\000[\0003\000/\0005\000]}{subsection.7.3.2}% 141
\BOOKMARK [3][-]{subsubsection.7.3.2.51}{\376\377\0007\000.\0003\000.\0002\000.\0005\0001\000\040\000o\000p\000e\000r\000a\000t\000o\000r\000=\000\050\000\051\000\040\000[\0004\000/\0005\000]}{subsection.7.3.2}% 142
\BOOKMARK [3][-]{subsubsection.7.3.2.52}{\376\377\0007\000.\0003\000.\0002\000.\0005\0002\000\040\000o\000p\000e\000r\000a\000t\000o\000r\000=\000\050\000\051\000\040\000[\0005\000/\0005\000]}{subsection.7.3.2}% 143
\BOOKMARK [3][-]{subsubsection.7.3.2.53}{\376\377\0007\000.\0003\000.\0002\000.\0005\0003\000\040\000o\000p\000e\000r\000a\000t\000o\000r\000[\000]\000\050\000\051\000\040\000[\0001\000/\0002\000]}{subsection.7.3.2}% 144
\BOOKMARK [3][-]{subsubsection.7.3.2.54}{\376\377\0007\000.\0003\000.\0002\000.\0005\0004\000\040\000o\000p\000e\000r\000a\000t\000o\000r\000[\000]\000\050\000\051\000\040\000[\0002\000/\0002\000]}{subsection.7.3.2}% 145
\BOOKMARK [3][-]{subsubsection.7.3.2.55}{\376\377\0007\000.\0003\000.\0002\000.\0005\0005\000\040\000p\000r\000i\000n\000t\000\050\000\051}{subsection.7.3.2}% 146
\BOOKMARK [3][-]{subsubsection.7.3.2.56}{\376\377\0007\000.\0003\000.\0002\000.\0005\0006\000\040\000p\000u\000s\000h\000\137\000b\000a\000c\000k\000\050\000\051\000\040\000[\0001\000/\0005\000]}{subsection.7.3.2}% 147
\BOOKMARK [3][-]{subsubsection.7.3.2.57}{\376\377\0007\000.\0003\000.\0002\000.\0005\0007\000\040\000p\000u\000s\000h\000\137\000b\000a\000c\000k\000\050\000\051\000\040\000[\0002\000/\0005\000]}{subsection.7.3.2}% 148
\BOOKMARK [3][-]{subsubsection.7.3.2.58}{\376\377\0007\000.\0003\000.\0002\000.\0005\0008\000\040\000p\000u\000s\000h\000\137\000b\000a\000c\000k\000\050\000\051\000\040\000[\0003\000/\0005\000]}{subsection.7.3.2}% 149
\BOOKMARK [3][-]{subsubsection.7.3.2.59}{\376\377\0007\000.\0003\000.\0002\000.\0005\0009\000\040\000p\000u\000s\000h\000\137\000b\000a\000c\000k\000\050\000\051\000\040\000[\0004\000/\0005\000]}{subsection.7.3.2}% 150
\BOOKMARK [3][-]{subsubsection.7.3.2.60}{\376\377\0007\000.\0003\000.\0002\000.\0006\0000\000\040\000p\000u\000s\000h\000\137\000b\000a\000c\000k\000\050\000\051\000\040\000[\0005\000/\0005\000]}{subsection.7.3.2}% 151
\BOOKMARK [3][-]{subsubsection.7.3.2.61}{\376\377\0007\000.\0003\000.\0002\000.\0006\0001\000\040\000r\000e\000i\000n\000i\000t\000\050\000\051}{subsection.7.3.2}% 152
\BOOKMARK [3][-]{subsubsection.7.3.2.62}{\376\377\0007\000.\0003\000.\0002\000.\0006\0002\000\040\000r\000e\000s\000e\000r\000v\000e\000\050\000\051}{subsection.7.3.2}% 153
\BOOKMARK [3][-]{subsubsection.7.3.2.63}{\376\377\0007\000.\0003\000.\0002\000.\0006\0003\000\040\000r\000e\000s\000e\000r\000v\000e\000\137\000f\000i\000l\000l\000\050\000\051}{subsection.7.3.2}% 154
\BOOKMARK [3][-]{subsubsection.7.3.2.64}{\376\377\0007\000.\0003\000.\0002\000.\0006\0004\000\040\000r\000e\000s\000i\000z\000e\000\050\000\051}{subsection.7.3.2}% 155
\BOOKMARK [3][-]{subsubsection.7.3.2.65}{\376\377\0007\000.\0003\000.\0002\000.\0006\0005\000\040\000s\000e\000t\000\137\000p\000u\000s\000h\000\137\000r\000e\000s\000e\000r\000v\000e\000\050\000\051}{subsection.7.3.2}% 156
\BOOKMARK [3][-]{subsubsection.7.3.2.66}{\376\377\0007\000.\0003\000.\0002\000.\0006\0006\000\040\000s\000i\000z\000e\000\050\000\051}{subsection.7.3.2}% 157
\BOOKMARK [3][-]{subsubsection.7.3.2.67}{\376\377\0007\000.\0003\000.\0002\000.\0006\0007\000\040\000s\000u\000m\000\050\000\051}{subsection.7.3.2}% 158
\BOOKMARK [3][-]{subsubsection.7.3.2.68}{\376\377\0007\000.\0003\000.\0002\000.\0006\0008\000\040\000t\000r\000a\000n\000s\000p\000o\000s\000e\000\050\000\051}{subsection.7.3.2}% 159
\BOOKMARK [3][-]{subsubsection.7.3.2.69}{\376\377\0007\000.\0003\000.\0002\000.\0006\0009\000\040\000t\000r\000u\000e\000\137\000s\000i\000z\000e\000\050\000\051}{subsection.7.3.2}% 160
\BOOKMARK [2][-]{subsection.7.3.3}{\376\377\0007\000.\0003\000.\0003\000\040\000M\000e\000m\000b\000e\000r\000\040\000D\000a\000t\000a\000\040\000D\000o\000c\000u\000m\000e\000n\000t\000a\000t\000i\000o\000n}{section.7.3}% 161
\BOOKMARK [3][-]{subsubsection.7.3.3.1}{\376\377\0007\000.\0003\000.\0003\000.\0001\000\040\000\137\000v\000a\000r\000s}{subsection.7.3.3}% 162
\BOOKMARK [1][-]{section.7.4}{\376\377\0007\000.\0004\000\040\000R\000i\000n\000e\000g\000i\000n\000e\000:\000:\000K\000e\000r\000n\000e\000l\000:\000:\000C\000O\000L\000O\000R\0003\000D\000<\000\040\000t\000y\000p\000e\000\040\000>\000\040\000S\000t\000r\000u\000c\000t\000\040\000T\000e\000m\000p\000l\000a\000t\000e\000\040\000R\000e\000f\000e\000r\000e\000n\000c\000e}{chapter.7}% 163
\BOOKMARK [2][-]{subsection.7.4.1}{\376\377\0007\000.\0004\000.\0001\000\040\000M\000e\000m\000b\000e\000r\000\040\000F\000u\000n\000c\000t\000i\000o\000n\000\040\000D\000o\000c\000u\000m\000e\000n\000t\000a\000t\000i\000o\000n}{section.7.4}% 164
\BOOKMARK [3][-]{subsubsection.7.4.1.1}{\376\377\0007\000.\0004\000.\0001\000.\0001\000\040\000o\000p\000e\000r\000a\000t\000o\000r\000<\000\050\000\051}{subsection.7.4.1}% 165
\BOOKMARK [3][-]{subsubsection.7.4.1.2}{\376\377\0007\000.\0004\000.\0001\000.\0002\000\040\000o\000p\000e\000r\000a\000t\000o\000r\000<\000=\000\050\000\051}{subsection.7.4.1}% 166
\BOOKMARK [3][-]{subsubsection.7.4.1.3}{\376\377\0007\000.\0004\000.\0001\000.\0003\000\040\000o\000p\000e\000r\000a\000t\000o\000r\000=\000\050\000\051}{subsection.7.4.1}% 167
\BOOKMARK [3][-]{subsubsection.7.4.1.4}{\376\377\0007\000.\0004\000.\0001\000.\0004\000\040\000o\000p\000e\000r\000a\000t\000o\000r\000=\000=\000\050\000\051}{subsection.7.4.1}% 168
\BOOKMARK [3][-]{subsubsection.7.4.1.5}{\376\377\0007\000.\0004\000.\0001\000.\0005\000\040\000o\000p\000e\000r\000a\000t\000o\000r\000>\000\050\000\051}{subsection.7.4.1}% 169
\BOOKMARK [3][-]{subsubsection.7.4.1.6}{\376\377\0007\000.\0004\000.\0001\000.\0006\000\040\000o\000p\000e\000r\000a\000t\000o\000r\000>\000=\000\050\000\051}{subsection.7.4.1}% 170
\BOOKMARK [3][-]{subsubsection.7.4.1.7}{\376\377\0007\000.\0004\000.\0001\000.\0007\000\040\000o\000p\000e\000r\000a\000t\000o\000r\000[\000]\000\050\000\051}{subsection.7.4.1}% 171
\BOOKMARK [2][-]{subsection.7.4.2}{\376\377\0007\000.\0004\000.\0002\000\040\000M\000e\000m\000b\000e\000r\000\040\000D\000a\000t\000a\000\040\000D\000o\000c\000u\000m\000e\000n\000t\000a\000t\000i\000o\000n}{section.7.4}% 172
\BOOKMARK [3][-]{subsubsection.7.4.2.1}{\376\377\0007\000.\0004\000.\0002\000.\0001\000\040\000b}{subsection.7.4.2}% 173
\BOOKMARK [3][-]{subsubsection.7.4.2.2}{\376\377\0007\000.\0004\000.\0002\000.\0002\000\040\000g}{subsection.7.4.2}% 174
\BOOKMARK [3][-]{subsubsection.7.4.2.3}{\376\377\0007\000.\0004\000.\0002\000.\0003\000\040\000r}{subsection.7.4.2}% 175
\BOOKMARK [1][-]{section.7.5}{\376\377\0007\000.\0005\000\040\000R\000i\000n\000e\000g\000i\000n\000e\000:\000:\000K\000e\000r\000n\000e\000l\000:\000:\000C\000O\000L\000O\000R\0004\000D\000<\000\040\000t\000y\000p\000e\000\040\000>\000\040\000S\000t\000r\000u\000c\000t\000\040\000T\000e\000m\000p\000l\000a\000t\000e\000\040\000R\000e\000f\000e\000r\000e\000n\000c\000e}{chapter.7}% 176
\BOOKMARK [2][-]{subsection.7.5.1}{\376\377\0007\000.\0005\000.\0001\000\040\000M\000e\000m\000b\000e\000r\000\040\000F\000u\000n\000c\000t\000i\000o\000n\000\040\000D\000o\000c\000u\000m\000e\000n\000t\000a\000t\000i\000o\000n}{section.7.5}% 177
\BOOKMARK [3][-]{subsubsection.7.5.1.1}{\376\377\0007\000.\0005\000.\0001\000.\0001\000\040\000o\000p\000e\000r\000a\000t\000o\000r\000!\000=\000\050\000\051}{subsection.7.5.1}% 178
\BOOKMARK [3][-]{subsubsection.7.5.1.2}{\376\377\0007\000.\0005\000.\0001\000.\0002\000\040\000o\000p\000e\000r\000a\000t\000o\000r\000=\000=\000\050\000\051}{subsection.7.5.1}% 179
\BOOKMARK [2][-]{subsection.7.5.2}{\376\377\0007\000.\0005\000.\0002\000\040\000M\000e\000m\000b\000e\000r\000\040\000D\000a\000t\000a\000\040\000D\000o\000c\000u\000m\000e\000n\000t\000a\000t\000i\000o\000n}{section.7.5}% 180
\BOOKMARK [3][-]{subsubsection.7.5.2.1}{\376\377\0007\000.\0005\000.\0002\000.\0001\000\040\000a}{subsection.7.5.2}% 181
\BOOKMARK [3][-]{subsubsection.7.5.2.2}{\376\377\0007\000.\0005\000.\0002\000.\0002\000\040\000b}{subsection.7.5.2}% 182
\BOOKMARK [3][-]{subsubsection.7.5.2.3}{\376\377\0007\000.\0005\000.\0002\000.\0003\000\040\000g}{subsection.7.5.2}% 183
\BOOKMARK [3][-]{subsubsection.7.5.2.4}{\376\377\0007\000.\0005\000.\0002\000.\0004\000\040\000r}{subsection.7.5.2}% 184
\BOOKMARK [1][-]{section.7.6}{\376\377\0007\000.\0006\000\040\000R\000i\000n\000e\000g\000i\000n\000e\000:\000:\000K\000e\000r\000n\000e\000l\000:\000:\000L\000o\000c\000k\000:\000:\000C\000o\000u\000n\000t\000P\000o\000i\000n\000t\000e\000r\000s\000<\000\040\000t\000y\000p\000e\000\040\000>\000\040\000S\000t\000r\000u\000c\000t\000\040\000T\000e\000m\000p\000l\000a\000t\000e\000\040\000R\000e\000f\000e\000r\000e\000n\000c\000e}{chapter.7}% 185
\BOOKMARK [1][-]{section.7.7}{\376\377\0007\000.\0007\000\040\000R\000i\000n\000e\000g\000i\000n\000e\000:\000:\000K\000e\000r\000n\000e\000l\000:\000:\000D\000e\000b\000u\000g\000\040\000C\000l\000a\000s\000s\000\040\000R\000e\000f\000e\000r\000e\000n\000c\000e}{chapter.7}% 186
\BOOKMARK [2][-]{subsection.7.7.1}{\376\377\0007\000.\0007\000.\0001\000\040\000C\000o\000n\000s\000t\000r\000u\000c\000t\000o\000r\000\040\000\046\000\040\000D\000e\000s\000t\000r\000u\000c\000t\000o\000r\000\040\000D\000o\000c\000u\000m\000e\000n\000t\000a\000t\000i\000o\000n}{section.7.7}% 187
\BOOKMARK [3][-]{subsubsection.7.7.1.1}{\376\377\0007\000.\0007\000.\0001\000.\0001\000\040\000D\000e\000b\000u\000g\000\050\000\051\000\040\000[\0001\000/\0002\000]}{subsection.7.7.1}% 188
\BOOKMARK [3][-]{subsubsection.7.7.1.2}{\376\377\0007\000.\0007\000.\0001\000.\0002\000\040\000D\000e\000b\000u\000g\000\050\000\051\000\040\000[\0002\000/\0002\000]}{subsection.7.7.1}% 189
\BOOKMARK [3][-]{subsubsection.7.7.1.3}{\376\377\0007\000.\0007\000.\0001\000.\0003\000\040\000~\000D\000e\000b\000u\000g\000\050\000\051}{subsection.7.7.1}% 190
\BOOKMARK [2][-]{subsection.7.7.2}{\376\377\0007\000.\0007\000.\0002\000\040\000M\000e\000m\000b\000e\000r\000\040\000F\000u\000n\000c\000t\000i\000o\000n\000\040\000D\000o\000c\000u\000m\000e\000n\000t\000a\000t\000i\000o\000n}{section.7.7}% 191
\BOOKMARK [3][-]{subsubsection.7.7.2.1}{\376\377\0007\000.\0007\000.\0002\000.\0001\000\040\000a\000d\000d\000\050\000\051\000\040\000[\0001\000/\0002\000]}{subsection.7.7.2}% 192
\BOOKMARK [3][-]{subsubsection.7.7.2.2}{\376\377\0007\000.\0007\000.\0002\000.\0002\000\040\000a\000d\000d\000\050\000\051\000\040\000[\0002\000/\0002\000]}{subsection.7.7.2}% 193
\BOOKMARK [3][-]{subsubsection.7.7.2.3}{\376\377\0007\000.\0007\000.\0002\000.\0003\000\040\000a\000d\000d\000l\000\050\000\051\000\040\000[\0001\000/\0002\000]}{subsection.7.7.2}% 194
\BOOKMARK [3][-]{subsubsection.7.7.2.4}{\376\377\0007\000.\0007\000.\0002\000.\0004\000\040\000a\000d\000d\000l\000\050\000\051\000\040\000[\0002\000/\0002\000]}{subsection.7.7.2}% 195
\BOOKMARK [3][-]{subsubsection.7.7.2.5}{\376\377\0007\000.\0007\000.\0002\000.\0005\000\040\000i\000n\000i\000t\000\050\000\051\000\040\000[\0001\000/\0002\000]}{subsection.7.7.2}% 196
\BOOKMARK [3][-]{subsubsection.7.7.2.6}{\376\377\0007\000.\0007\000.\0002\000.\0006\000\040\000i\000n\000i\000t\000\050\000\051\000\040\000[\0002\000/\0002\000]}{subsection.7.7.2}% 197
\BOOKMARK [3][-]{subsubsection.7.7.2.7}{\376\377\0007\000.\0007\000.\0002\000.\0007\000\040\000l\000o\000g\000\137\000p\000a\000t\000h\000\050\000\051}{subsection.7.7.2}% 198
\BOOKMARK [3][-]{subsubsection.7.7.2.8}{\376\377\0007\000.\0007\000.\0002\000.\0008\000\040\000n\000o\000\137\000c\000l\000o\000s\000e\000\050\000\051}{subsection.7.7.2}% 199
\BOOKMARK [3][-]{subsubsection.7.7.2.9}{\376\377\0007\000.\0007\000.\0002\000.\0009\000\040\000o\000p\000e\000n\000\137\000l\000o\000g\000\137\000a\000f\000t\000e\000r\000\137\000e\000r\000r\000o\000r\000\050\000\051}{subsection.7.7.2}% 200
\BOOKMARK [3][-]{subsubsection.7.7.2.10}{\376\377\0007\000.\0007\000.\0002\000.\0001\0000\000\040\000o\000p\000e\000n\000\137\000s\000h\000e\000l\000l\000\050\000\051}{subsection.7.7.2}% 201
\BOOKMARK [3][-]{subsubsection.7.7.2.11}{\376\377\0007\000.\0007\000.\0002\000.\0001\0001\000\040\000s\000t\000o\000p\000\050\000\051}{subsection.7.7.2}% 202
\BOOKMARK [3][-]{subsubsection.7.7.2.12}{\376\377\0007\000.\0007\000.\0002\000.\0001\0002\000\040\000u\000p\000d\000a\000t\000e\000\050\000\051}{subsection.7.7.2}% 203
\BOOKMARK [2][-]{subsection.7.7.3}{\376\377\0007\000.\0007\000.\0003\000\040\000M\000e\000m\000b\000e\000r\000\040\000D\000a\000t\000a\000\040\000D\000o\000c\000u\000m\000e\000n\000t\000a\000t\000i\000o\000n}{section.7.7}% 204
\BOOKMARK [3][-]{subsubsection.7.7.3.1}{\376\377\0007\000.\0007\000.\0003\000.\0001\000\040\000\137\000v\000a\000r\000s}{subsection.7.7.3}% 205
\BOOKMARK [1][-]{section.7.8}{\376\377\0007\000.\0008\000\040\000R\000i\000n\000e\000g\000i\000n\000e\000:\000:\000K\000e\000r\000n\000e\000l\000:\000:\000D\000e\000b\000u\000g\000:\000:\000D\000e\000b\000u\000g\000V\000a\000r\000s\000\040\000S\000t\000r\000u\000c\000t\000\040\000R\000e\000f\000e\000r\000e\000n\000c\000e}{chapter.7}% 206
\BOOKMARK [2][-]{subsection.7.8.1}{\376\377\0007\000.\0008\000.\0001\000\040\000M\000e\000m\000b\000e\000r\000\040\000D\000a\000t\000a\000\040\000D\000o\000c\000u\000m\000e\000n\000t\000a\000t\000i\000o\000n}{section.7.8}% 207
\BOOKMARK [3][-]{subsubsection.7.8.1.1}{\376\377\0007\000.\0008\000.\0001\000.\0001\000\040\000d\000e\000b\000u\000g}{subsection.7.8.1}% 208
\BOOKMARK [3][-]{subsubsection.7.8.1.2}{\376\377\0007\000.\0008\000.\0001\000.\0002\000\040\000E\000N\000D\000I\000N\000I\000T}{subsection.7.8.1}% 209
\BOOKMARK [3][-]{subsubsection.7.8.1.3}{\376\377\0007\000.\0008\000.\0001\000.\0003\000\040\000I\000N\000I\000T}{subsection.7.8.1}% 210
\BOOKMARK [3][-]{subsubsection.7.8.1.4}{\376\377\0007\000.\0008\000.\0001\000.\0004\000\040\000n\000o\000c\000l\000o\000s\000e}{subsection.7.8.1}% 211
\BOOKMARK [3][-]{subsubsection.7.8.1.5}{\376\377\0007\000.\0008\000.\0001\000.\0005\000\040\000o\000l\000d\000T\000y\000p\000e}{subsection.7.8.1}% 212
\BOOKMARK [3][-]{subsubsection.7.8.1.6}{\376\377\0007\000.\0008\000.\0001\000.\0006\000\040\000O\000P\000E\000N\000\137\000S\000H\000E\000L\000L}{subsection.7.8.1}% 213
\BOOKMARK [3][-]{subsubsection.7.8.1.7}{\376\377\0007\000.\0008\000.\0001\000.\0007\000\040\000p\000a\000t\000h}{subsection.7.8.1}% 214
\BOOKMARK [3][-]{subsubsection.7.8.1.8}{\376\377\0007\000.\0008\000.\0001\000.\0008\000\040\000P\000R\000E\000I\000N\000I\000T}{subsection.7.8.1}% 215
\BOOKMARK [3][-]{subsubsection.7.8.1.9}{\376\377\0007\000.\0008\000.\0001\000.\0009\000\040\000t\000e\000x\000t\000E\000r\000r}{subsection.7.8.1}% 216
\BOOKMARK [1][-]{section.7.9}{\376\377\0007\000.\0009\000\040\000R\000i\000n\000e\000g\000i\000n\000e\000:\000:\000K\000e\000r\000n\000e\000l\000:\000:\000F\000i\000l\000e\000\040\000C\000l\000a\000s\000s\000\040\000R\000e\000f\000e\000r\000e\000n\000c\000e}{chapter.7}% 217
\BOOKMARK [2][-]{subsection.7.9.1}{\376\377\0007\000.\0009\000.\0001\000\040\000M\000e\000m\000b\000e\000r\000\040\000F\000u\000n\000c\000t\000i\000o\000n\000\040\000D\000o\000c\000u\000m\000e\000n\000t\000a\000t\000i\000o\000n}{section.7.9}% 218
\BOOKMARK [3][-]{subsubsection.7.9.1.1}{\376\377\0007\000.\0009\000.\0001\000.\0001\000\040\000R\000e\000a\000d\000\050\000\051}{subsection.7.9.1}% 219
\BOOKMARK [3][-]{subsubsection.7.9.1.2}{\376\377\0007\000.\0009\000.\0001\000.\0002\000\040\000R\000e\000a\000d\000W\000\050\000\051}{subsection.7.9.1}% 220
\BOOKMARK [3][-]{subsubsection.7.9.1.3}{\376\377\0007\000.\0009\000.\0001\000.\0003\000\040\000W\000r\000i\000t\000e\000\050\000\051}{subsection.7.9.1}% 221
\BOOKMARK [3][-]{subsubsection.7.9.1.4}{\376\377\0007\000.\0009\000.\0001\000.\0004\000\040\000W\000r\000i\000t\000e\000W\000\050\000\051}{subsection.7.9.1}% 222
\BOOKMARK [1][-]{section.7.10}{\376\377\0007\000.\0001\0000\000\040\000R\000i\000n\000e\000g\000i\000n\000e\000:\000:\000K\000e\000r\000n\000e\000l\000\040\000C\000l\000a\000s\000s\000\040\000R\000e\000f\000e\000r\000e\000n\000c\000e}{chapter.7}% 223
\BOOKMARK [2][-]{subsection.7.10.1}{\376\377\0007\000.\0001\0000\000.\0001\000\040\000M\000e\000m\000b\000e\000r\000\040\000F\000u\000n\000c\000t\000i\000o\000n\000\040\000D\000o\000c\000u\000m\000e\000n\000t\000a\000t\000i\000o\000n}{section.7.10}% 224
\BOOKMARK [3][-]{subsubsection.7.10.1.1}{\376\377\0007\000.\0001\0000\000.\0001\000.\0001\000\040\000A\000F\000i\000l\000e\000L\000o\000a\000d\000\050\000\051}{subsection.7.10.1}% 225
\BOOKMARK [3][-]{subsubsection.7.10.1.2}{\376\377\0007\000.\0001\0000\000.\0001\000.\0002\000\040\000C\000o\000u\000n\000t\000M\000a\000t\000M\000i\000n\000u\000s\000\050\000\051}{subsection.7.10.1}% 226
\BOOKMARK [3][-]{subsubsection.7.10.1.3}{\376\377\0007\000.\0001\0000\000.\0001\000.\0003\000\040\000C\000r\000e\000a\000t\000e\000F\000o\000l\000d\000e\000r\000\050\000\051\000\040\000[\0001\000/\0002\000]}{subsection.7.10.1}% 227
\BOOKMARK [3][-]{subsubsection.7.10.1.4}{\376\377\0007\000.\0001\0000\000.\0001\000.\0004\000\040\000C\000r\000e\000a\000t\000e\000F\000o\000l\000d\000e\000r\000\050\000\051\000\040\000[\0002\000/\0002\000]}{subsection.7.10.1}% 228
\BOOKMARK [3][-]{subsubsection.7.10.1.5}{\376\377\0007\000.\0001\0000\000.\0001\000.\0005\000\040\000F\000i\000l\000e\000L\000o\000a\000d\000\050\000\051}{subsection.7.10.1}% 229
\BOOKMARK [3][-]{subsubsection.7.10.1.6}{\376\377\0007\000.\0001\0000\000.\0001\000.\0006\000\040\000G\000e\000t\000L\000a\000s\000t\000E\000r\000r\000o\000r\000S\000t\000r\000i\000n\000g\000\050\000\051}{subsection.7.10.1}% 230
\BOOKMARK [3][-]{subsubsection.7.10.1.7}{\376\377\0007\000.\0001\0000\000.\0001\000.\0007\000\040\000G\000e\000t\000T\000y\000p\000e\000P\000a\000t\000h\000\050\000\051}{subsection.7.10.1}% 231
\BOOKMARK [3][-]{subsubsection.7.10.1.8}{\376\377\0007\000.\0001\0000\000.\0001\000.\0008\000\040\000i\000n\000i\000t\000\050\000\051}{subsection.7.10.1}% 232
\BOOKMARK [3][-]{subsubsection.7.10.1.9}{\376\377\0007\000.\0001\0000\000.\0001\000.\0009\000\040\000I\000n\000t\000e\000r\000P\000o\000i\000n\000t\000\050\000\051\000\040\000[\0001\000/\0002\000]}{subsection.7.10.1}% 233
\BOOKMARK [3][-]{subsubsection.7.10.1.10}{\376\377\0007\000.\0001\0000\000.\0001\000.\0001\0000\000\040\000I\000n\000t\000e\000r\000P\000o\000i\000n\000t\000\050\000\051\000\040\000[\0002\000/\0002\000]}{subsection.7.10.1}% 234
\BOOKMARK [3][-]{subsubsection.7.10.1.11}{\376\377\0007\000.\0001\0000\000.\0001\000.\0001\0001\000\040\000i\000s\000D\000i\000r\000e\000c\000t\000o\000r\000y\000\050\000\051\000\040\000[\0001\000/\0002\000]}{subsection.7.10.1}% 235
\BOOKMARK [3][-]{subsubsection.7.10.1.12}{\376\377\0007\000.\0001\0000\000.\0001\000.\0001\0002\000\040\000i\000s\000D\000i\000r\000e\000c\000t\000o\000r\000y\000\050\000\051\000\040\000[\0002\000/\0002\000]}{subsection.7.10.1}% 236
\BOOKMARK [3][-]{subsubsection.7.10.1.13}{\376\377\0007\000.\0001\0000\000.\0001\000.\0001\0003\000\040\000i\000s\000S\000u\000b\000s\000t\000r\000i\000n\000g\000A\000t\000\050\000\051\000\040\000[\0001\000/\0004\000]}{subsection.7.10.1}% 237
\BOOKMARK [3][-]{subsubsection.7.10.1.14}{\376\377\0007\000.\0001\0000\000.\0001\000.\0001\0004\000\040\000i\000s\000S\000u\000b\000s\000t\000r\000i\000n\000g\000A\000t\000\050\000\051\000\040\000[\0002\000/\0004\000]}{subsection.7.10.1}% 238
\BOOKMARK [3][-]{subsubsection.7.10.1.15}{\376\377\0007\000.\0001\0000\000.\0001\000.\0001\0005\000\040\000i\000s\000S\000u\000b\000s\000t\000r\000i\000n\000g\000A\000t\000\050\000\051\000\040\000[\0003\000/\0004\000]}{subsection.7.10.1}% 239
\BOOKMARK [3][-]{subsubsection.7.10.1.16}{\376\377\0007\000.\0001\0000\000.\0001\000.\0001\0006\000\040\000i\000s\000S\000u\000b\000s\000t\000r\000i\000n\000g\000A\000t\000\050\000\051\000\040\000[\0004\000/\0004\000]}{subsection.7.10.1}% 240
\BOOKMARK [3][-]{subsubsection.7.10.1.17}{\376\377\0007\000.\0001\0000\000.\0001\000.\0001\0007\000\040\000i\000t\000o\000a\000\050\000\051}{subsection.7.10.1}% 241
\BOOKMARK [3][-]{subsubsection.7.10.1.18}{\376\377\0007\000.\0001\0000\000.\0001\000.\0001\0008\000\040\000i\000t\000o\000s\000\050\000\051\000\040\000[\0001\000/\0002\000]}{subsection.7.10.1}% 242
\BOOKMARK [3][-]{subsubsection.7.10.1.19}{\376\377\0007\000.\0001\0000\000.\0001\000.\0001\0009\000\040\000i\000t\000o\000s\000\050\000\051\000\040\000[\0002\000/\0002\000]}{subsection.7.10.1}% 243
\BOOKMARK [3][-]{subsubsection.7.10.1.20}{\376\377\0007\000.\0001\0000\000.\0001\000.\0002\0000\000\040\000i\000t\000o\000w\000s\000\050\000\051\000\040\000[\0001\000/\0002\000]}{subsection.7.10.1}% 244
\BOOKMARK [3][-]{subsubsection.7.10.1.21}{\376\377\0007\000.\0001\0000\000.\0001\000.\0002\0001\000\040\000i\000t\000o\000w\000s\000\050\000\051\000\040\000[\0002\000/\0002\000]}{subsection.7.10.1}% 245
\BOOKMARK [3][-]{subsubsection.7.10.1.22}{\376\377\0007\000.\0001\0000\000.\0001\000.\0002\0002\000\040\000K\000e\000y\000I\000s\000\050\000\051}{subsection.7.10.1}% 246
\BOOKMARK [3][-]{subsubsection.7.10.1.23}{\376\377\0007\000.\0001\0000\000.\0001\000.\0002\0003\000\040\000K\000e\000y\000I\000s\000P\000r\000e\000s\000s\000\050\000\051}{subsection.7.10.1}% 247
\BOOKMARK [3][-]{subsubsection.7.10.1.24}{\376\377\0007\000.\0001\0000\000.\0001\000.\0002\0004\000\040\000O\000p\000e\000n\000\050\000\051\000\040\000[\0001\000/\0002\000]}{subsection.7.10.1}% 248
\BOOKMARK [3][-]{subsubsection.7.10.1.25}{\376\377\0007\000.\0001\0000\000.\0001\000.\0002\0005\000\040\000O\000p\000e\000n\000\050\000\051\000\040\000[\0002\000/\0002\000]}{subsection.7.10.1}% 249
\BOOKMARK [3][-]{subsubsection.7.10.1.26}{\376\377\0007\000.\0001\0000\000.\0001\000.\0002\0006\000\040\000R\000a\000n\000d\000\050\000\051}{subsection.7.10.1}% 250
\BOOKMARK [3][-]{subsubsection.7.10.1.27}{\376\377\0007\000.\0001\0000\000.\0001\000.\0002\0007\000\040\000R\000a\000n\000d\000R\000a\000n\000g\000e\000\050\000\051}{subsection.7.10.1}% 251
\BOOKMARK [3][-]{subsubsection.7.10.1.28}{\376\377\0007\000.\0001\0000\000.\0001\000.\0002\0008\000\040\000R\000G\000\137\000A\000G\000e\000t\000M\000a\000i\000n\000F\000o\000l\000d\000e\000r\000\050\000\051}{subsection.7.10.1}% 252
\BOOKMARK [3][-]{subsubsection.7.10.1.29}{\376\377\0007\000.\0001\0000\000.\0001\000.\0002\0009\000\040\000R\000G\000\137\000C\000M\000D\000\050\000\051}{subsection.7.10.1}% 253
\BOOKMARK [3][-]{subsubsection.7.10.1.30}{\376\377\0007\000.\0001\0000\000.\0001\000.\0003\0000\000\040\000R\000G\000\137\000G\000e\000t\000M\000a\000i\000n\000F\000o\000l\000d\000e\000r\000\050\000\051}{subsection.7.10.1}% 254
\BOOKMARK [3][-]{subsubsection.7.10.1.31}{\376\377\0007\000.\0001\0000\000.\0001\000.\0003\0001\000\040\000R\000G\000\137\000G\000e\000t\000V\000e\000r\000s\000i\000o\000n\000\050\000\051\000\040\000[\0001\000/\0002\000]}{subsection.7.10.1}% 255
\BOOKMARK [3][-]{subsubsection.7.10.1.32}{\376\377\0007\000.\0001\0000\000.\0001\000.\0003\0002\000\040\000R\000G\000\137\000G\000e\000t\000V\000e\000r\000s\000i\000o\000n\000\050\000\051\000\040\000[\0002\000/\0002\000]}{subsection.7.10.1}% 256
\BOOKMARK [3][-]{subsubsection.7.10.1.33}{\376\377\0007\000.\0001\0000\000.\0001\000.\0003\0003\000\040\000R\000G\000\137\000I\000s\000F\000i\000l\000e\000\050\000\051}{subsection.7.10.1}% 257
\BOOKMARK [3][-]{subsubsection.7.10.1.34}{\376\377\0007\000.\0001\0000\000.\0001\000.\0003\0004\000\040\000R\000G\000\137\000R\000a\000n\000d\000\050\000\051}{subsection.7.10.1}% 258
\BOOKMARK [3][-]{subsubsection.7.10.1.35}{\376\377\0007\000.\0001\0000\000.\0001\000.\0003\0005\000\040\000R\000G\000\137\000W\000G\000e\000t\000M\000a\000i\000n\000F\000o\000l\000d\000e\000r\000\050\000\051}{subsection.7.10.1}% 259
\BOOKMARK [3][-]{subsubsection.7.10.1.36}{\376\377\0007\000.\0001\0000\000.\0001\000.\0003\0006\000\040\000s\000\137\000d\000e\000l\000e\000t\000e\000\050\000\051\000\040\000[\0001\000/\0002\000]}{subsection.7.10.1}% 260
\BOOKMARK [3][-]{subsubsection.7.10.1.37}{\376\377\0007\000.\0001\0000\000.\0001\000.\0003\0007\000\040\000s\000\137\000d\000e\000l\000e\000t\000e\000\050\000\051\000\040\000[\0002\000/\0002\000]}{subsection.7.10.1}% 261
\BOOKMARK [3][-]{subsubsection.7.10.1.38}{\376\377\0007\000.\0001\0000\000.\0001\000.\0003\0008\000\040\000s\000\137\000d\000e\000p\000a\000g\000e\000\050\000\051}{subsection.7.10.1}% 262
\BOOKMARK [3][-]{subsubsection.7.10.1.39}{\376\377\0007\000.\0001\0000\000.\0001\000.\0003\0009\000\040\000s\000\137\000f\000a\000s\000t\000\137\000d\000e\000l\000e\000t\000e\000\050\000\051\000\040\000[\0001\000/\0002\000]}{subsection.7.10.1}% 263
\BOOKMARK [3][-]{subsubsection.7.10.1.40}{\376\377\0007\000.\0001\0000\000.\0001\000.\0004\0000\000\040\000s\000\137\000f\000a\000s\000t\000\137\000d\000e\000l\000e\000t\000e\000\050\000\051\000\040\000[\0002\000/\0002\000]}{subsection.7.10.1}% 264
\BOOKMARK [3][-]{subsubsection.7.10.1.41}{\376\377\0007\000.\0001\0000\000.\0001\000.\0004\0001\000\040\000s\000\137\000f\000a\000s\000t\000\137\000n\000e\000w\000\050\000\051\000\040\000[\0001\000/\0004\000]}{subsection.7.10.1}% 265
\BOOKMARK [3][-]{subsubsection.7.10.1.42}{\376\377\0007\000.\0001\0000\000.\0001\000.\0004\0002\000\040\000s\000\137\000f\000a\000s\000t\000\137\000n\000e\000w\000\050\000\051\000\040\000[\0002\000/\0004\000]}{subsection.7.10.1}% 266
\BOOKMARK [3][-]{subsubsection.7.10.1.43}{\376\377\0007\000.\0001\0000\000.\0001\000.\0004\0003\000\040\000s\000\137\000f\000a\000s\000t\000\137\000n\000e\000w\000\050\000\051\000\040\000[\0003\000/\0004\000]}{subsection.7.10.1}% 267
\BOOKMARK [3][-]{subsubsection.7.10.1.44}{\376\377\0007\000.\0001\0000\000.\0001\000.\0004\0004\000\040\000s\000\137\000f\000a\000s\000t\000\137\000n\000e\000w\000\050\000\051\000\040\000[\0004\000/\0004\000]}{subsection.7.10.1}% 268
\BOOKMARK [3][-]{subsubsection.7.10.1.45}{\376\377\0007\000.\0001\0000\000.\0001\000.\0004\0005\000\040\000s\000\137\000f\000i\000l\000l\000\050\000\051\000\040\000[\0001\000/\0002\000]}{subsection.7.10.1}% 269
\BOOKMARK [3][-]{subsubsection.7.10.1.46}{\376\377\0007\000.\0001\0000\000.\0001\000.\0004\0006\000\040\000s\000\137\000f\000i\000l\000l\000\050\000\051\000\040\000[\0002\000/\0002\000]}{subsection.7.10.1}% 270
\BOOKMARK [3][-]{subsubsection.7.10.1.47}{\376\377\0007\000.\0001\0000\000.\0001\000.\0004\0007\000\040\000s\000\137\000f\000i\000l\000l\000\137\000f\000u\000n\000c\000\050\000\051\000\040\000[\0001\000/\0002\000]}{subsection.7.10.1}% 271
\BOOKMARK [3][-]{subsubsection.7.10.1.48}{\376\377\0007\000.\0001\0000\000.\0001\000.\0004\0008\000\040\000s\000\137\000f\000i\000l\000l\000\137\000f\000u\000n\000c\000\050\000\051\000\040\000[\0002\000/\0002\000]}{subsection.7.10.1}% 272
\BOOKMARK [3][-]{subsubsection.7.10.1.49}{\376\377\0007\000.\0001\0000\000.\0001\000.\0004\0009\000\040\000s\000\137\000g\000e\000t\000\137\000s\000i\000z\000e\000\050\000\051}{subsection.7.10.1}% 273
\BOOKMARK [3][-]{subsubsection.7.10.1.50}{\376\377\0007\000.\0001\0000\000.\0001\000.\0005\0000\000\040\000s\000\137\000g\000e\000t\000\137\000t\000y\000p\000e\000s\000i\000z\000e\000\050\000\051}{subsection.7.10.1}% 274
\BOOKMARK [3][-]{subsubsection.7.10.1.51}{\376\377\0007\000.\0001\0000\000.\0001\000.\0005\0001\000\040\000s\000\137\000g\000e\000t\000r\000a\000w\000\050\000\051}{subsection.7.10.1}% 275
\BOOKMARK [3][-]{subsubsection.7.10.1.52}{\376\377\0007\000.\0001\0000\000.\0001\000.\0005\0002\000\040\000s\000\137\000m\000e\000m\000t\000e\000s\000t\000\050\000\051}{subsection.7.10.1}% 276
\BOOKMARK [3][-]{subsubsection.7.10.1.53}{\376\377\0007\000.\0001\0000\000.\0001\000.\0005\0003\000\040\000s\000\137\000m\000o\000v\000e\000\050\000\051}{subsection.7.10.1}% 277
\BOOKMARK [3][-]{subsubsection.7.10.1.54}{\376\377\0007\000.\0001\0000\000.\0001\000.\0005\0004\000\040\000s\000\137\000n\000e\000w\000\050\000\051\000\040\000[\0001\000/\0004\000]}{subsection.7.10.1}% 278
\BOOKMARK [3][-]{subsubsection.7.10.1.55}{\376\377\0007\000.\0001\0000\000.\0001\000.\0005\0005\000\040\000s\000\137\000n\000e\000w\000\050\000\051\000\040\000[\0002\000/\0004\000]}{subsection.7.10.1}% 279
\BOOKMARK [3][-]{subsubsection.7.10.1.56}{\376\377\0007\000.\0001\0000\000.\0001\000.\0005\0006\000\040\000s\000\137\000n\000e\000w\000\050\000\051\000\040\000[\0003\000/\0004\000]}{subsection.7.10.1}% 280
\BOOKMARK [3][-]{subsubsection.7.10.1.57}{\376\377\0007\000.\0001\0000\000.\0001\000.\0005\0007\000\040\000s\000\137\000n\000e\000w\000\050\000\051\000\040\000[\0004\000/\0004\000]}{subsection.7.10.1}% 281
\BOOKMARK [3][-]{subsubsection.7.10.1.58}{\376\377\0007\000.\0001\0000\000.\0001\000.\0005\0008\000\040\000s\000\137\000p\000r\000i\000n\000t\000\050\000\051\000\040\000[\0001\000/\0007\000]}{subsection.7.10.1}% 282
\BOOKMARK [3][-]{subsubsection.7.10.1.59}{\376\377\0007\000.\0001\0000\000.\0001\000.\0005\0009\000\040\000s\000\137\000p\000r\000i\000n\000t\000\050\000\051\000\040\000[\0002\000/\0007\000]}{subsection.7.10.1}% 283
\BOOKMARK [3][-]{subsubsection.7.10.1.60}{\376\377\0007\000.\0001\0000\000.\0001\000.\0006\0000\000\040\000s\000\137\000p\000r\000i\000n\000t\000\050\000\051\000\040\000[\0003\000/\0007\000]}{subsection.7.10.1}% 284
\BOOKMARK [3][-]{subsubsection.7.10.1.61}{\376\377\0007\000.\0001\0000\000.\0001\000.\0006\0001\000\040\000s\000\137\000p\000r\000i\000n\000t\000\050\000\051\000\040\000[\0004\000/\0007\000]}{subsection.7.10.1}% 285
\BOOKMARK [3][-]{subsubsection.7.10.1.62}{\376\377\0007\000.\0001\0000\000.\0001\000.\0006\0002\000\040\000s\000\137\000p\000r\000i\000n\000t\000\050\000\051\000\040\000[\0005\000/\0007\000]}{subsection.7.10.1}% 286
\BOOKMARK [3][-]{subsubsection.7.10.1.63}{\376\377\0007\000.\0001\0000\000.\0001\000.\0006\0003\000\040\000s\000\137\000p\000r\000i\000n\000t\000\050\000\051\000\040\000[\0006\000/\0007\000]}{subsection.7.10.1}% 287
\BOOKMARK [3][-]{subsubsection.7.10.1.64}{\376\377\0007\000.\0001\0000\000.\0001\000.\0006\0004\000\040\000s\000\137\000p\000r\000i\000n\000t\000\050\000\051\000\040\000[\0007\000/\0007\000]}{subsection.7.10.1}% 288
\BOOKMARK [3][-]{subsubsection.7.10.1.65}{\376\377\0007\000.\0001\0000\000.\0001\000.\0006\0005\000\040\000s\000\137\000r\000a\000w\000m\000e\000m\000t\000e\000s\000t\000\050\000\051}{subsection.7.10.1}% 289
\BOOKMARK [3][-]{subsubsection.7.10.1.66}{\376\377\0007\000.\0001\0000\000.\0001\000.\0006\0006\000\040\000s\000\137\000r\000e\000s\000i\000z\000e\000\050\000\051}{subsection.7.10.1}% 290
\BOOKMARK [3][-]{subsubsection.7.10.1.67}{\376\377\0007\000.\0001\0000\000.\0001\000.\0006\0007\000\040\000s\000e\000t\000\137\000s\000e\000e\000d\000\050\000\051}{subsection.7.10.1}% 291
\BOOKMARK [3][-]{subsubsection.7.10.1.68}{\376\377\0007\000.\0001\0000\000.\0001\000.\0006\0008\000\040\000S\000e\000t\000C\000o\000l\000o\000r\000C\000o\000n\000s\000o\000l\000e\000\050\000\051}{subsection.7.10.1}% 292
\BOOKMARK [3][-]{subsubsection.7.10.1.69}{\376\377\0007\000.\0001\0000\000.\0001\000.\0006\0009\000\040\000S\000e\000t\000T\000r\000u\000e\000C\000o\000l\000o\000r\000C\000o\000n\000s\000o\000l\000e\000\050\000\051}{subsection.7.10.1}% 293
\BOOKMARK [3][-]{subsubsection.7.10.1.70}{\376\377\0007\000.\0001\0000\000.\0001\000.\0007\0000\000\040\000S\000p\000e\000c\000i\000a\000l\000M\000a\000t\000M\000u\000l\000t\000i\000\050\000\051}{subsection.7.10.1}% 294
\BOOKMARK [3][-]{subsubsection.7.10.1.71}{\376\377\0007\000.\0001\0000\000.\0001\000.\0007\0001\000\040\000T\000e\000s\000t\000K\000e\000y\000I\000s\000\050\000\051}{subsection.7.10.1}% 295
\BOOKMARK [3][-]{subsubsection.7.10.1.72}{\376\377\0007\000.\0001\0000\000.\0001\000.\0007\0002\000\040\000t\000o\000\137\000s\000t\000r\000i\000n\000g\000\050\000\051\000\040\000[\0001\000/\0002\000]}{subsection.7.10.1}% 296
\BOOKMARK [3][-]{subsubsection.7.10.1.73}{\376\377\0007\000.\0001\0000\000.\0001\000.\0007\0003\000\040\000t\000o\000\137\000s\000t\000r\000i\000n\000g\000\050\000\051\000\040\000[\0002\000/\0002\000]}{subsection.7.10.1}% 297
\BOOKMARK [3][-]{subsubsection.7.10.1.74}{\376\377\0007\000.\0001\0000\000.\0001\000.\0007\0004\000\040\000t\000o\000\137\000s\000t\000r\000i\000n\000g\000a\000\050\000\051\000\040\000[\0001\000/\0002\000]}{subsection.7.10.1}% 298
\BOOKMARK [3][-]{subsubsection.7.10.1.75}{\376\377\0007\000.\0001\0000\000.\0001\000.\0007\0005\000\040\000t\000o\000\137\000s\000t\000r\000i\000n\000g\000a\000\050\000\051\000\040\000[\0002\000/\0002\000]}{subsection.7.10.1}% 299
\BOOKMARK [3][-]{subsubsection.7.10.1.76}{\376\377\0007\000.\0001\0000\000.\0001\000.\0007\0006\000\040\000t\000o\000\137\000s\000t\000r\000i\000n\000g\000w\000\050\000\051\000\040\000[\0001\000/\0002\000]}{subsection.7.10.1}% 300
\BOOKMARK [3][-]{subsubsection.7.10.1.77}{\376\377\0007\000.\0001\0000\000.\0001\000.\0007\0007\000\040\000t\000o\000\137\000s\000t\000r\000i\000n\000g\000w\000\050\000\051\000\040\000[\0002\000/\0002\000]}{subsection.7.10.1}% 301
\BOOKMARK [3][-]{subsubsection.7.10.1.78}{\376\377\0007\000.\0001\0000\000.\0001\000.\0007\0008\000\040\000t\000o\000l\000o\000w\000s\000t\000r\000\050\000\051}{subsection.7.10.1}% 302
\BOOKMARK [3][-]{subsubsection.7.10.1.79}{\376\377\0007\000.\0001\0000\000.\0001\000.\0007\0009\000\040\000t\000o\000l\000o\000w\000w\000s\000t\000r\000\050\000\051}{subsection.7.10.1}% 303
\BOOKMARK [3][-]{subsubsection.7.10.1.80}{\376\377\0007\000.\0001\0000\000.\0001\000.\0008\0000\000\040\000u\000t\000f\0008\000\137\000d\000e\000c\000o\000d\000e\000\050\000\051}{subsection.7.10.1}% 304
\BOOKMARK [3][-]{subsubsection.7.10.1.81}{\376\377\0007\000.\0001\0000\000.\0001\000.\0008\0001\000\040\000u\000t\000f\0008\000\137\000e\000n\000c\000o\000d\000e\000\050\000\051}{subsection.7.10.1}% 305
\BOOKMARK [3][-]{subsubsection.7.10.1.82}{\376\377\0007\000.\0001\0000\000.\0001\000.\0008\0002\000\040\000W\000F\000i\000l\000e\000L\000o\000a\000d\000\050\000\051\000\040\000[\0001\000/\0002\000]}{subsection.7.10.1}% 306
\BOOKMARK [3][-]{subsubsection.7.10.1.83}{\376\377\0007\000.\0001\0000\000.\0001\000.\0008\0003\000\040\000W\000F\000i\000l\000e\000L\000o\000a\000d\000\050\000\051\000\040\000[\0002\000/\0002\000]}{subsection.7.10.1}% 307
\BOOKMARK [3][-]{subsubsection.7.10.1.84}{\376\377\0007\000.\0001\0000\000.\0001\000.\0008\0004\000\040\000w\000s\000t\000r\000i\000n\000g\000\137\000t\000o\000\137\000s\000e\000e\000d\000\050\000\051}{subsection.7.10.1}% 308
\BOOKMARK [2][-]{subsection.7.10.2}{\376\377\0007\000.\0001\0000\000.\0002\000\040\000M\000e\000m\000b\000e\000r\000\040\000D\000a\000t\000a\000\040\000D\000o\000c\000u\000m\000e\000n\000t\000a\000t\000i\000o\000n}{section.7.10}% 309
\BOOKMARK [3][-]{subsubsection.7.10.2.1}{\376\377\0007\000.\0001\0000\000.\0002\000.\0001\000\040\000A\000M\000a\000i\000n\000F\000o\000l\000d\000e\000r}{subsection.7.10.2}% 310
\BOOKMARK [3][-]{subsubsection.7.10.2.2}{\376\377\0007\000.\0001\0000\000.\0002\000.\0002\000\040\000M\000a\000i\000n\000F\000o\000l\000d\000e\000r}{subsection.7.10.2}% 311
\BOOKMARK [3][-]{subsubsection.7.10.2.3}{\376\377\0007\000.\0001\0000\000.\0002\000.\0003\000\040\000R\000G\000\137\000D\000\137\000W\000\137\000L}{subsection.7.10.2}% 312
\BOOKMARK [3][-]{subsubsection.7.10.2.4}{\376\377\0007\000.\0001\0000\000.\0002\000.\0004\000\040\000W\000M\000a\000i\000n\000F\000o\000l\000d\000e\000r}{subsection.7.10.2}% 313
\BOOKMARK [1][-]{section.7.11}{\376\377\0007\000.\0001\0001\000\040\000R\000i\000n\000e\000g\000i\000n\000e\000:\000:\000K\000e\000r\000n\000e\000l\000:\000:\000L\000o\000c\000k\000\040\000C\000l\000a\000s\000s\000\040\000R\000e\000f\000e\000r\000e\000n\000c\000e}{chapter.7}% 314
\BOOKMARK [2][-]{subsection.7.11.1}{\376\377\0007\000.\0001\0001\000.\0001\000\040\000M\000e\000m\000b\000e\000r\000\040\000F\000u\000n\000c\000t\000i\000o\000n\000\040\000D\000o\000c\000u\000m\000e\000n\000t\000a\000t\000i\000o\000n}{section.7.11}% 315
\BOOKMARK [3][-]{subsubsection.7.11.1.1}{\376\377\0007\000.\0001\0001\000.\0001\000.\0001\000\040\000a\000d\000d\000l\000\050\000\051\000\040\000[\0001\000/\0002\000]}{subsection.7.11.1}% 316
\BOOKMARK [3][-]{subsubsection.7.11.1.2}{\376\377\0007\000.\0001\0001\000.\0001\000.\0002\000\040\000a\000d\000d\000l\000\050\000\051\000\040\000[\0002\000/\0002\000]}{subsection.7.11.1}% 317
\BOOKMARK [3][-]{subsubsection.7.11.1.3}{\376\377\0007\000.\0001\0001\000.\0001\000.\0003\000\040\000s\000\137\000d\000e\000l\000e\000t\000e\000\050\000\051}{subsection.7.11.1}% 318
\BOOKMARK [3][-]{subsubsection.7.11.1.4}{\376\377\0007\000.\0001\0001\000.\0001\000.\0004\000\040\000s\000\137\000f\000a\000s\000t\000\137\000d\000e\000l\000e\000t\000e\000\050\000\051}{subsection.7.11.1}% 319
\BOOKMARK [3][-]{subsubsection.7.11.1.5}{\376\377\0007\000.\0001\0001\000.\0001\000.\0005\000\040\000s\000\137\000f\000a\000s\000t\000\137\000n\000e\000w\000\050\000\051}{subsection.7.11.1}% 320
\BOOKMARK [3][-]{subsubsection.7.11.1.6}{\376\377\0007\000.\0001\0001\000.\0001\000.\0006\000\040\000s\000\137\000n\000e\000w\000\050\000\051}{subsection.7.11.1}% 321
\BOOKMARK [3][-]{subsubsection.7.11.1.7}{\376\377\0007\000.\0001\0001\000.\0001\000.\0007\000\040\000s\000\137\000p\000a\000g\000e\000\050\000\051}{subsection.7.11.1}% 322
\BOOKMARK [2][-]{subsection.7.11.2}{\376\377\0007\000.\0001\0001\000.\0002\000\040\000F\000r\000i\000e\000n\000d\000s\000\040\000A\000n\000d\000\040\000R\000e\000l\000a\000t\000e\000d\000\040\000S\000y\000m\000b\000o\000l\000\040\000D\000o\000c\000u\000m\000e\000n\000t\000a\000t\000i\000o\000n}{section.7.11}% 323
\BOOKMARK [3][-]{subsubsection.7.11.2.1}{\376\377\0007\000.\0001\0001\000.\0002\000.\0001\000\040\000K\000e\000r\000n\000e\000l}{subsection.7.11.2}% 324
\BOOKMARK [2][-]{subsection.7.11.3}{\376\377\0007\000.\0001\0001\000.\0003\000\040\000M\000e\000m\000b\000e\000r\000\040\000D\000a\000t\000a\000\040\000D\000o\000c\000u\000m\000e\000n\000t\000a\000t\000i\000o\000n}{section.7.11}% 325
\BOOKMARK [3][-]{subsubsection.7.11.3.1}{\376\377\0007\000.\0001\0001\000.\0003\000.\0001\000\040\000\137\000v\000a\000r\000s}{subsection.7.11.3}% 326
\BOOKMARK [3][-]{subsubsection.7.11.3.2}{\376\377\0007\000.\0001\0001\000.\0003\000.\0002\000\040\000p\000a\000g\000e\000\137\000s\000i\000z\000e}{subsection.7.11.3}% 327
\BOOKMARK [1][-]{section.7.12}{\376\377\0007\000.\0001\0002\000\040\000R\000i\000n\000e\000g\000i\000n\000e\000:\000:\000K\000e\000r\000n\000e\000l\000:\000:\000L\000o\000c\000k\000:\000:\000L\000o\000g\000V\000a\000r\000s\000\040\000S\000t\000r\000u\000c\000t\000\040\000R\000e\000f\000e\000r\000e\000n\000c\000e}{chapter.7}% 328
\BOOKMARK [2][-]{subsection.7.12.1}{\376\377\0007\000.\0001\0002\000.\0001\000\040\000D\000e\000t\000a\000i\000l\000e\000d\000\040\000D\000e\000s\000c\000r\000i\000p\000t\000i\000o\000n}{section.7.12}% 329
\BOOKMARK [2][-]{subsection.7.12.2}{\376\377\0007\000.\0001\0002\000.\0002\000\040\000M\000e\000m\000b\000e\000r\000\040\000D\000a\000t\000a\000\040\000D\000o\000c\000u\000m\000e\000n\000t\000a\000t\000i\000o\000n}{section.7.12}% 330
\BOOKMARK [3][-]{subsubsection.7.12.2.1}{\376\377\0007\000.\0001\0002\000.\0002\000.\0001\000\040\000\137\000l\000o\000g\000s}{subsection.7.12.2}% 331
\BOOKMARK [3][-]{subsubsection.7.12.2.2}{\376\377\0007\000.\0001\0002\000.\0002\000.\0002\000\040\000T\000e\000m\000p\000E\000r\000r\000o\000r}{subsection.7.12.2}% 332
\BOOKMARK [1][-]{section.7.13}{\376\377\0007\000.\0001\0003\000\040\000R\000i\000n\000e\000g\000i\000n\000e\000:\000:\000K\000e\000r\000n\000e\000l\000:\000:\000M\000a\000p\000D\000a\000t\000a\000<\000\040\000t\000y\000p\000e\0001\000,\000\040\000t\000y\000p\000e\0002\000\040\000>\000\040\000S\000t\000r\000u\000c\000t\000\040\000T\000e\000m\000p\000l\000a\000t\000e\000\040\000R\000e\000f\000e\000r\000e\000n\000c\000e}{chapter.7}% 333
\BOOKMARK [1][-]{section.7.14}{\376\377\0007\000.\0001\0004\000\040\000R\000i\000n\000e\000g\000i\000n\000e\000:\000:\000K\000e\000r\000n\000e\000l\000:\000:\000M\000a\000t\000r\000i\000x\000<\000\040\000t\000y\000p\000e\000\040\000>\000\040\000C\000l\000a\000s\000s\000\040\000T\000e\000m\000p\000l\000a\000t\000e\000\040\000R\000e\000f\000e\000r\000e\000n\000c\000e}{chapter.7}% 334
\BOOKMARK [2][-]{subsection.7.14.1}{\376\377\0007\000.\0001\0004\000.\0001\000\040\000C\000o\000n\000s\000t\000r\000u\000c\000t\000o\000r\000\040\000\046\000\040\000D\000e\000s\000t\000r\000u\000c\000t\000o\000r\000\040\000D\000o\000c\000u\000m\000e\000n\000t\000a\000t\000i\000o\000n}{section.7.14}% 335
\BOOKMARK [3][-]{subsubsection.7.14.1.1}{\376\377\0007\000.\0001\0004\000.\0001\000.\0001\000\040\000M\000a\000t\000r\000i\000x\000\050\000\051\000\040\000[\0001\000/\0003\000]}{subsection.7.14.1}% 336
\BOOKMARK [3][-]{subsubsection.7.14.1.2}{\376\377\0007\000.\0001\0004\000.\0001\000.\0002\000\040\000M\000a\000t\000r\000i\000x\000\050\000\051\000\040\000[\0002\000/\0003\000]}{subsection.7.14.1}% 337
\BOOKMARK [3][-]{subsubsection.7.14.1.3}{\376\377\0007\000.\0001\0004\000.\0001\000.\0003\000\040\000M\000a\000t\000r\000i\000x\000\050\000\051\000\040\000[\0003\000/\0003\000]}{subsection.7.14.1}% 338
\BOOKMARK [3][-]{subsubsection.7.14.1.4}{\376\377\0007\000.\0001\0004\000.\0001\000.\0004\000\040\000~\000M\000a\000t\000r\000i\000x\000\050\000\051}{subsection.7.14.1}% 339
\BOOKMARK [2][-]{subsection.7.14.2}{\376\377\0007\000.\0001\0004\000.\0002\000\040\000M\000e\000m\000b\000e\000r\000\040\000F\000u\000n\000c\000t\000i\000o\000n\000\040\000D\000o\000c\000u\000m\000e\000n\000t\000a\000t\000i\000o\000n}{section.7.14}% 340
\BOOKMARK [3][-]{subsubsection.7.14.2.1}{\376\377\0007\000.\0001\0004\000.\0002\000.\0001\000\040\000c\000l\000e\000a\000r\000\050\000\051}{subsection.7.14.2}% 341
\BOOKMARK [3][-]{subsubsection.7.14.2.2}{\376\377\0007\000.\0001\0004\000.\0002\000.\0002\000\040\000c\000o\000l\000s\000\050\000\051}{subsection.7.14.2}% 342
\BOOKMARK [3][-]{subsubsection.7.14.2.3}{\376\377\0007\000.\0001\0004\000.\0002\000.\0003\000\040\000d\000a\000t\000a\000\050\000\051}{subsection.7.14.2}% 343
\BOOKMARK [3][-]{subsubsection.7.14.2.4}{\376\377\0007\000.\0001\0004\000.\0002\000.\0004\000\040\000e\000m\000p\000t\000y\000\050\000\051}{subsection.7.14.2}% 344
\BOOKMARK [3][-]{subsubsection.7.14.2.5}{\376\377\0007\000.\0001\0004\000.\0002\000.\0005\000\040\000f\000i\000l\000l\000\050\000\051\000\040\000[\0001\000/\0007\000]}{subsection.7.14.2}% 345
\BOOKMARK [3][-]{subsubsection.7.14.2.6}{\376\377\0007\000.\0001\0004\000.\0002\000.\0006\000\040\000f\000i\000l\000l\000\050\000\051\000\040\000[\0002\000/\0007\000]}{subsection.7.14.2}% 346
\BOOKMARK [3][-]{subsubsection.7.14.2.7}{\376\377\0007\000.\0001\0004\000.\0002\000.\0007\000\040\000f\000i\000l\000l\000\050\000\051\000\040\000[\0003\000/\0007\000]}{subsection.7.14.2}% 347
\BOOKMARK [3][-]{subsubsection.7.14.2.8}{\376\377\0007\000.\0001\0004\000.\0002\000.\0008\000\040\000f\000i\000l\000l\000\050\000\051\000\040\000[\0004\000/\0007\000]}{subsection.7.14.2}% 348
\BOOKMARK [3][-]{subsubsection.7.14.2.9}{\376\377\0007\000.\0001\0004\000.\0002\000.\0009\000\040\000f\000i\000l\000l\000\050\000\051\000\040\000[\0005\000/\0007\000]}{subsection.7.14.2}% 349
\BOOKMARK [3][-]{subsubsection.7.14.2.10}{\376\377\0007\000.\0001\0004\000.\0002\000.\0001\0000\000\040\000f\000i\000l\000l\000\050\000\051\000\040\000[\0006\000/\0007\000]}{subsection.7.14.2}% 350
\BOOKMARK [3][-]{subsubsection.7.14.2.11}{\376\377\0007\000.\0001\0004\000.\0002\000.\0001\0001\000\040\000f\000i\000l\000l\000\050\000\051\000\040\000[\0007\000/\0007\000]}{subsection.7.14.2}% 351
\BOOKMARK [3][-]{subsubsection.7.14.2.12}{\376\377\0007\000.\0001\0004\000.\0002\000.\0001\0002\000\040\000f\000i\000l\000l\000\137\000r\000a\000n\000g\000e\000\137\000r\000a\000n\000d\000o\000m\000\050\000\051}{subsection.7.14.2}% 352
\BOOKMARK [3][-]{subsubsection.7.14.2.13}{\376\377\0007\000.\0001\0004\000.\0002\000.\0001\0003\000\040\000g\000e\000t\000\050\000\051\000\040\000[\0001\000/\0004\000]}{subsection.7.14.2}% 353
\BOOKMARK [3][-]{subsubsection.7.14.2.14}{\376\377\0007\000.\0001\0004\000.\0002\000.\0001\0004\000\040\000g\000e\000t\000\050\000\051\000\040\000[\0002\000/\0004\000]}{subsection.7.14.2}% 354
\BOOKMARK [3][-]{subsubsection.7.14.2.15}{\376\377\0007\000.\0001\0004\000.\0002\000.\0001\0005\000\040\000g\000e\000t\000\050\000\051\000\040\000[\0003\000/\0004\000]}{subsection.7.14.2}% 355
\BOOKMARK [3][-]{subsubsection.7.14.2.16}{\376\377\0007\000.\0001\0004\000.\0002\000.\0001\0006\000\040\000g\000e\000t\000\050\000\051\000\040\000[\0004\000/\0004\000]}{subsection.7.14.2}% 356
\BOOKMARK [3][-]{subsubsection.7.14.2.17}{\376\377\0007\000.\0001\0004\000.\0002\000.\0001\0007\000\040\000g\000e\000t\000\137\000m\000a\000t\000\050\000\051}{subsection.7.14.2}% 357
\BOOKMARK [3][-]{subsubsection.7.14.2.18}{\376\377\0007\000.\0001\0004\000.\0002\000.\0001\0008\000\040\000g\000e\000t\000\137\000t\000\050\000\051}{subsection.7.14.2}% 358
\BOOKMARK [3][-]{subsubsection.7.14.2.19}{\376\377\0007\000.\0001\0004\000.\0002\000.\0001\0009\000\040\000g\000e\000t\000y\000x\000\050\000\051}{subsection.7.14.2}% 359
\BOOKMARK [3][-]{subsubsection.7.14.2.20}{\376\377\0007\000.\0001\0004\000.\0002\000.\0002\0000\000\040\000i\000n\000i\000t\000\050\000\051\000\040\000[\0001\000/\0006\000]}{subsection.7.14.2}% 360
\BOOKMARK [3][-]{subsubsection.7.14.2.21}{\376\377\0007\000.\0001\0004\000.\0002\000.\0002\0001\000\040\000i\000n\000i\000t\000\050\000\051\000\040\000[\0002\000/\0006\000]}{subsection.7.14.2}% 361
\BOOKMARK [3][-]{subsubsection.7.14.2.22}{\376\377\0007\000.\0001\0004\000.\0002\000.\0002\0002\000\040\000i\000n\000i\000t\000\050\000\051\000\040\000[\0003\000/\0006\000]}{subsection.7.14.2}% 362
\BOOKMARK [3][-]{subsubsection.7.14.2.23}{\376\377\0007\000.\0001\0004\000.\0002\000.\0002\0003\000\040\000i\000n\000i\000t\000\050\000\051\000\040\000[\0004\000/\0006\000]}{subsection.7.14.2}% 363
\BOOKMARK [3][-]{subsubsection.7.14.2.24}{\376\377\0007\000.\0001\0004\000.\0002\000.\0002\0004\000\040\000i\000n\000i\000t\000\050\000\051\000\040\000[\0005\000/\0006\000]}{subsection.7.14.2}% 364
\BOOKMARK [3][-]{subsubsection.7.14.2.25}{\376\377\0007\000.\0001\0004\000.\0002\000.\0002\0005\000\040\000i\000n\000i\000t\000\050\000\051\000\040\000[\0006\000/\0006\000]}{subsection.7.14.2}% 365
\BOOKMARK [3][-]{subsubsection.7.14.2.26}{\376\377\0007\000.\0001\0004\000.\0002\000.\0002\0006\000\040\000m\000o\000v\000e\000f\000i\000l\000l\000\050\000\051}{subsection.7.14.2}% 366
\BOOKMARK [3][-]{subsubsection.7.14.2.27}{\376\377\0007\000.\0001\0004\000.\0002\000.\0002\0007\000\040\000n\000o\000i\000s\000e\000\137\000d\000b\000o\000o\000l\000\137\000f\000i\000l\000l\000\050\000\051}{subsection.7.14.2}% 367
\BOOKMARK [3][-]{subsubsection.7.14.2.28}{\376\377\0007\000.\0001\0004\000.\0002\000.\0002\0008\000\040\000n\000o\000i\000s\000e\000\137\000f\000i\000l\000l\000\050\000\051}{subsection.7.14.2}% 368
\BOOKMARK [3][-]{subsubsection.7.14.2.29}{\376\377\0007\000.\0001\0004\000.\0002\000.\0002\0009\000\040\000o\000p\000e\000r\000a\000t\000o\000r\000\040\000A\000r\000r\000a\000y\000<\000\040\000t\000y\000p\000e\000\040\000>\000\050\000\051}{subsection.7.14.2}% 369
\BOOKMARK [3][-]{subsubsection.7.14.2.30}{\376\377\0007\000.\0001\0004\000.\0002\000.\0003\0000\000\040\000o\000p\000e\000r\000a\000t\000o\000r\000\040\000A\000r\000r\000a\000y\000<\000\040\000t\000y\000p\000e\000\040\000>\000\040\000\046\000\050\000\051}{subsection.7.14.2}% 370
\BOOKMARK [3][-]{subsubsection.7.14.2.31}{\376\377\0007\000.\0001\0004\000.\0002\000.\0003\0001\000\040\000o\000p\000e\000r\000a\000t\000o\000r\000\040\000b\000o\000o\000l\000\050\000\051}{subsection.7.14.2}% 371
\BOOKMARK [3][-]{subsubsection.7.14.2.32}{\376\377\0007\000.\0001\0004\000.\0002\000.\0003\0002\000\040\000o\000p\000e\000r\000a\000t\000o\000r\000\040\000t\000y\000p\000e\000\040\000*\000\050\000\051}{subsection.7.14.2}% 372
\BOOKMARK [3][-]{subsubsection.7.14.2.33}{\376\377\0007\000.\0001\0004\000.\0002\000.\0003\0003\000\040\000o\000p\000e\000r\000a\000t\000o\000r\000\040\000u\000i\000n\000t\000\050\000\051}{subsection.7.14.2}% 373
\BOOKMARK [3][-]{subsubsection.7.14.2.34}{\376\377\0007\000.\0001\0004\000.\0002\000.\0003\0004\000\040\000o\000p\000e\000r\000a\000t\000o\000r\000\045\000\050\000\051}{subsection.7.14.2}% 374
\BOOKMARK [3][-]{subsubsection.7.14.2.35}{\376\377\0007\000.\0001\0004\000.\0002\000.\0003\0005\000\040\000o\000p\000e\000r\000a\000t\000o\000r\000\050\000\051\000\050\000\051\000\040\000[\0001\000/\0003\000]}{subsection.7.14.2}% 375
\BOOKMARK [3][-]{subsubsection.7.14.2.36}{\376\377\0007\000.\0001\0004\000.\0002\000.\0003\0006\000\040\000o\000p\000e\000r\000a\000t\000o\000r\000\050\000\051\000\050\000\051\000\040\000[\0002\000/\0003\000]}{subsection.7.14.2}% 376
\BOOKMARK [3][-]{subsubsection.7.14.2.37}{\376\377\0007\000.\0001\0004\000.\0002\000.\0003\0007\000\040\000o\000p\000e\000r\000a\000t\000o\000r\000\050\000\051\000\050\000\051\000\040\000[\0003\000/\0003\000]}{subsection.7.14.2}% 377
\BOOKMARK [3][-]{subsubsection.7.14.2.38}{\376\377\0007\000.\0001\0004\000.\0002\000.\0003\0008\000\040\000o\000p\000e\000r\000a\000t\000o\000r\000*\000\050\000\051\000\040\000[\0001\000/\0003\000]}{subsection.7.14.2}% 378
\BOOKMARK [3][-]{subsubsection.7.14.2.39}{\376\377\0007\000.\0001\0004\000.\0002\000.\0003\0009\000\040\000o\000p\000e\000r\000a\000t\000o\000r\000*\000\050\000\051\000\040\000[\0002\000/\0003\000]}{subsection.7.14.2}% 379
\BOOKMARK [3][-]{subsubsection.7.14.2.40}{\376\377\0007\000.\0001\0004\000.\0002\000.\0004\0000\000\040\000o\000p\000e\000r\000a\000t\000o\000r\000*\000\050\000\051\000\040\000[\0003\000/\0003\000]}{subsection.7.14.2}% 380
\BOOKMARK [3][-]{subsubsection.7.14.2.41}{\376\377\0007\000.\0001\0004\000.\0002\000.\0004\0001\000\040\000o\000p\000e\000r\000a\000t\000o\000r\000*\000=\000\050\000\051\000\040\000[\0001\000/\0004\000]}{subsection.7.14.2}% 381
\BOOKMARK [3][-]{subsubsection.7.14.2.42}{\376\377\0007\000.\0001\0004\000.\0002\000.\0004\0002\000\040\000o\000p\000e\000r\000a\000t\000o\000r\000*\000=\000\050\000\051\000\040\000[\0002\000/\0004\000]}{subsection.7.14.2}% 382
\BOOKMARK [3][-]{subsubsection.7.14.2.43}{\376\377\0007\000.\0001\0004\000.\0002\000.\0004\0003\000\040\000o\000p\000e\000r\000a\000t\000o\000r\000*\000=\000\050\000\051\000\040\000[\0003\000/\0004\000]}{subsection.7.14.2}% 383
\BOOKMARK [3][-]{subsubsection.7.14.2.44}{\376\377\0007\000.\0001\0004\000.\0002\000.\0004\0004\000\040\000o\000p\000e\000r\000a\000t\000o\000r\000*\000=\000\050\000\051\000\040\000[\0004\000/\0004\000]}{subsection.7.14.2}% 384
\BOOKMARK [3][-]{subsubsection.7.14.2.45}{\376\377\0007\000.\0001\0004\000.\0002\000.\0004\0005\000\040\000o\000p\000e\000r\000a\000t\000o\000r\000+\000\050\000\051}{subsection.7.14.2}% 385
\BOOKMARK [3][-]{subsubsection.7.14.2.46}{\376\377\0007\000.\0001\0004\000.\0002\000.\0004\0006\000\040\000o\000p\000e\000r\000a\000t\000o\000r\000+\000=\000\050\000\051}{subsection.7.14.2}% 386
\BOOKMARK [3][-]{subsubsection.7.14.2.47}{\376\377\0007\000.\0001\0004\000.\0002\000.\0004\0007\000\040\000o\000p\000e\000r\000a\000t\000o\000r\000-\000\050\000\051}{subsection.7.14.2}% 387
\BOOKMARK [3][-]{subsubsection.7.14.2.48}{\376\377\0007\000.\0001\0004\000.\0002\000.\0004\0008\000\040\000o\000p\000e\000r\000a\000t\000o\000r\000-\000=\000\050\000\051}{subsection.7.14.2}% 388
\BOOKMARK [3][-]{subsubsection.7.14.2.49}{\376\377\0007\000.\0001\0004\000.\0002\000.\0004\0009\000\040\000o\000p\000e\000r\000a\000t\000o\000r\000=\000\050\000\051\000\040\000[\0001\000/\0003\000]}{subsection.7.14.2}% 389
\BOOKMARK [3][-]{subsubsection.7.14.2.50}{\376\377\0007\000.\0001\0004\000.\0002\000.\0005\0000\000\040\000o\000p\000e\000r\000a\000t\000o\000r\000=\000\050\000\051\000\040\000[\0002\000/\0003\000]}{subsection.7.14.2}% 390
\BOOKMARK [3][-]{subsubsection.7.14.2.51}{\376\377\0007\000.\0001\0004\000.\0002\000.\0005\0001\000\040\000o\000p\000e\000r\000a\000t\000o\000r\000=\000\050\000\051\000\040\000[\0003\000/\0003\000]}{subsection.7.14.2}% 391
\BOOKMARK [3][-]{subsubsection.7.14.2.52}{\376\377\0007\000.\0001\0004\000.\0002\000.\0005\0002\000\040\000o\000p\000e\000r\000a\000t\000o\000r\000[\000]\000\050\000\051\000\040\000[\0001\000/\0003\000]}{subsection.7.14.2}% 392
\BOOKMARK [3][-]{subsubsection.7.14.2.53}{\376\377\0007\000.\0001\0004\000.\0002\000.\0005\0003\000\040\000o\000p\000e\000r\000a\000t\000o\000r\000[\000]\000\050\000\051\000\040\000[\0002\000/\0003\000]}{subsection.7.14.2}% 393
\BOOKMARK [3][-]{subsubsection.7.14.2.54}{\376\377\0007\000.\0001\0004\000.\0002\000.\0005\0004\000\040\000o\000p\000e\000r\000a\000t\000o\000r\000[\000]\000\050\000\051\000\040\000[\0003\000/\0003\000]}{subsection.7.14.2}% 394
\BOOKMARK [3][-]{subsubsection.7.14.2.55}{\376\377\0007\000.\0001\0004\000.\0002\000.\0005\0005\000\040\000p\000l\000a\000c\000e\000\050\000\051}{subsection.7.14.2}% 395
\BOOKMARK [3][-]{subsubsection.7.14.2.56}{\376\377\0007\000.\0001\0004\000.\0002\000.\0005\0006\000\040\000p\000r\000i\000n\000t\000\050\000\051\000\040\000[\0001\000/\0002\000]}{subsection.7.14.2}% 396
\BOOKMARK [3][-]{subsubsection.7.14.2.57}{\376\377\0007\000.\0001\0004\000.\0002\000.\0005\0007\000\040\000p\000r\000i\000n\000t\000\050\000\051\000\040\000[\0002\000/\0002\000]}{subsection.7.14.2}% 397
\BOOKMARK [3][-]{subsubsection.7.14.2.58}{\376\377\0007\000.\0001\0004\000.\0002\000.\0005\0008\000\040\000p\000r\000i\000n\000t\000\137\000d\000\050\000\051}{subsection.7.14.2}% 398
\BOOKMARK [3][-]{subsubsection.7.14.2.59}{\376\377\0007\000.\0001\0004\000.\0002\000.\0005\0009\000\040\000r\000a\000n\000d\000o\000m\000\137\000f\000i\000l\000l\000\050\000\051}{subsection.7.14.2}% 399
\BOOKMARK [3][-]{subsubsection.7.14.2.60}{\376\377\0007\000.\0001\0004\000.\0002\000.\0006\0000\000\040\000r\000a\000n\000d\000o\000m\000A\000d\000d\000F\000i\000l\000l\000\050\000\051}{subsection.7.14.2}% 400
\BOOKMARK [3][-]{subsubsection.7.14.2.61}{\376\377\0007\000.\0001\0004\000.\0002\000.\0006\0001\000\040\000r\000a\000n\000d\000o\000m\000B\000o\000o\000l\000A\000d\000d\000F\000i\000l\000l\000\050\000\051}{subsection.7.14.2}% 401
\BOOKMARK [3][-]{subsubsection.7.14.2.62}{\376\377\0007\000.\0001\0004\000.\0002\000.\0006\0002\000\040\000r\000a\000n\000d\000o\000m\000B\000o\000o\000l\000F\000i\000l\000l\000\050\000\051}{subsection.7.14.2}% 402
\BOOKMARK [3][-]{subsubsection.7.14.2.63}{\376\377\0007\000.\0001\0004\000.\0002\000.\0006\0003\000\040\000r\000e\000s\000i\000z\000e\000\050\000\051\000\040\000[\0001\000/\0003\000]}{subsection.7.14.2}% 403
\BOOKMARK [3][-]{subsubsection.7.14.2.64}{\376\377\0007\000.\0001\0004\000.\0002\000.\0006\0004\000\040\000r\000e\000s\000i\000z\000e\000\050\000\051\000\040\000[\0002\000/\0003\000]}{subsection.7.14.2}% 404
\BOOKMARK [3][-]{subsubsection.7.14.2.65}{\376\377\0007\000.\0001\0004\000.\0002\000.\0006\0005\000\040\000r\000e\000s\000i\000z\000e\000\050\000\051\000\040\000[\0003\000/\0003\000]}{subsection.7.14.2}% 405
\BOOKMARK [3][-]{subsubsection.7.14.2.66}{\376\377\0007\000.\0001\0004\000.\0002\000.\0006\0006\000\040\000r\000o\000w\000s\000\050\000\051}{subsection.7.14.2}% 406
\BOOKMARK [3][-]{subsubsection.7.14.2.67}{\376\377\0007\000.\0001\0004\000.\0002\000.\0006\0007\000\040\000s\000c\000a\000l\000e\000\050\000\051}{subsection.7.14.2}% 407
\BOOKMARK [3][-]{subsubsection.7.14.2.68}{\376\377\0007\000.\0001\0004\000.\0002\000.\0006\0008\000\040\000s\000i\000z\000e\000\050\000\051\000\040\000[\0001\000/\0002\000]}{subsection.7.14.2}% 408
\BOOKMARK [3][-]{subsubsection.7.14.2.69}{\376\377\0007\000.\0001\0004\000.\0002\000.\0006\0009\000\040\000s\000i\000z\000e\000\050\000\051\000\040\000[\0002\000/\0002\000]}{subsection.7.14.2}% 409
\BOOKMARK [3][-]{subsubsection.7.14.2.70}{\376\377\0007\000.\0001\0004\000.\0002\000.\0007\0000\000\040\000s\000m\000o\000o\000t\000h\000S\000c\000a\000l\000e\000\050\000\051}{subsection.7.14.2}% 410
\BOOKMARK [3][-]{subsubsection.7.14.2.71}{\376\377\0007\000.\0001\0004\000.\0002\000.\0007\0001\000\040\000t\000r\000a\000n\000s\000p\000o\000s\000e\000\050\000\051}{subsection.7.14.2}% 411
\BOOKMARK [3][-]{subsubsection.7.14.2.72}{\376\377\0007\000.\0001\0004\000.\0002\000.\0007\0002\000\040\000u\000p\000d\000a\000t\000e\000\137\000t\000r\000a\000n\000s\000p\000o\000s\000e\000\050\000\051}{subsection.7.14.2}% 412
\BOOKMARK [2][-]{subsection.7.14.3}{\376\377\0007\000.\0001\0004\000.\0003\000\040\000M\000e\000m\000b\000e\000r\000\040\000D\000a\000t\000a\000\040\000D\000o\000c\000u\000m\000e\000n\000t\000a\000t\000i\000o\000n}{section.7.14}% 413
\BOOKMARK [3][-]{subsubsection.7.14.3.1}{\376\377\0007\000.\0001\0004\000.\0003\000.\0001\000\040\000\137\000v\000a\000r\000s}{subsection.7.14.3}% 414
\BOOKMARK [1][-]{section.7.15}{\376\377\0007\000.\0001\0005\000\040\000R\000i\000n\000e\000g\000i\000n\000e\000:\000:\000K\000e\000r\000n\000e\000l\000:\000:\000A\000l\000l\000o\000c\000a\000t\000o\000r\000:\000:\000\137\000m\000a\000p\000:\000:\000m\000e\000m\000\040\000S\000t\000r\000u\000c\000t\000\040\000R\000e\000f\000e\000r\000e\000n\000c\000e}{chapter.7}% 415
\BOOKMARK [2][-]{subsection.7.15.1}{\376\377\0007\000.\0001\0005\000.\0001\000\040\000M\000e\000m\000b\000e\000r\000\040\000D\000a\000t\000a\000\040\000D\000o\000c\000u\000m\000e\000n\000t\000a\000t\000i\000o\000n}{section.7.15}% 416
\BOOKMARK [3][-]{subsubsection.7.15.1.1}{\376\377\0007\000.\0001\0005\000.\0001\000.\0001\000\040\000i\000n\000i\000t}{subsection.7.15.1}% 417
\BOOKMARK [3][-]{subsubsection.7.15.1.2}{\376\377\0007\000.\0001\0005\000.\0001\000.\0002\000\040\000n\000e\000x\000t}{subsection.7.15.1}% 418
\BOOKMARK [1][-]{section.7.16}{\376\377\0007\000.\0001\0006\000\040\000R\000i\000n\000e\000g\000i\000n\000e\000:\000:\000K\000e\000r\000n\000e\000l\000:\000:\000P\000O\000I\000N\000T\0002\000D\000<\000\040\000t\000y\000p\000e\000\040\000>\000\040\000S\000t\000r\000u\000c\000t\000\040\000T\000e\000m\000p\000l\000a\000t\000e\000\040\000R\000e\000f\000e\000r\000e\000n\000c\000e}{chapter.7}% 419
\BOOKMARK [2][-]{subsection.7.16.1}{\376\377\0007\000.\0001\0006\000.\0001\000\040\000D\000e\000t\000a\000i\000l\000e\000d\000\040\000D\000e\000s\000c\000r\000i\000p\000t\000i\000o\000n}{section.7.16}% 420
\BOOKMARK [2][-]{subsection.7.16.2}{\376\377\0007\000.\0001\0006\000.\0002\000\040\000M\000e\000m\000b\000e\000r\000\040\000F\000u\000n\000c\000t\000i\000o\000n\000\040\000D\000o\000c\000u\000m\000e\000n\000t\000a\000t\000i\000o\000n}{section.7.16}% 421
\BOOKMARK [3][-]{subsubsection.7.16.2.1}{\376\377\0007\000.\0001\0006\000.\0002\000.\0001\000\040\000o\000p\000e\000r\000a\000t\000o\000r\000<\000\050\000\051}{subsection.7.16.2}% 422
\BOOKMARK [3][-]{subsubsection.7.16.2.2}{\376\377\0007\000.\0001\0006\000.\0002\000.\0002\000\040\000o\000p\000e\000r\000a\000t\000o\000r\000<\000=\000\050\000\051}{subsection.7.16.2}% 423
\BOOKMARK [3][-]{subsubsection.7.16.2.3}{\376\377\0007\000.\0001\0006\000.\0002\000.\0003\000\040\000o\000p\000e\000r\000a\000t\000o\000r\000=\000=\000\050\000\051}{subsection.7.16.2}% 424
\BOOKMARK [3][-]{subsubsection.7.16.2.4}{\376\377\0007\000.\0001\0006\000.\0002\000.\0004\000\040\000o\000p\000e\000r\000a\000t\000o\000r\000>\000\050\000\051}{subsection.7.16.2}% 425
\BOOKMARK [3][-]{subsubsection.7.16.2.5}{\376\377\0007\000.\0001\0006\000.\0002\000.\0005\000\040\000o\000p\000e\000r\000a\000t\000o\000r\000>\000=\000\050\000\051}{subsection.7.16.2}% 426
\BOOKMARK [3][-]{subsubsection.7.16.2.6}{\376\377\0007\000.\0001\0006\000.\0002\000.\0006\000\040\000o\000p\000e\000r\000a\000t\000o\000r\000[\000]\000\050\000\051}{subsection.7.16.2}% 427
\BOOKMARK [2][-]{subsection.7.16.3}{\376\377\0007\000.\0001\0006\000.\0003\000\040\000M\000e\000m\000b\000e\000r\000\040\000D\000a\000t\000a\000\040\000D\000o\000c\000u\000m\000e\000n\000t\000a\000t\000i\000o\000n}{section.7.16}% 428
\BOOKMARK [3][-]{subsubsection.7.16.3.1}{\376\377\0007\000.\0001\0006\000.\0003\000.\0001\000\040\000x}{subsection.7.16.3}% 429
\BOOKMARK [3][-]{subsubsection.7.16.3.2}{\376\377\0007\000.\0001\0006\000.\0003\000.\0002\000\040\000y}{subsection.7.16.3}% 430
\BOOKMARK [1][-]{section.7.17}{\376\377\0007\000.\0001\0007\000\040\000R\000i\000n\000e\000g\000i\000n\000e\000:\000:\000K\000e\000r\000n\000e\000l\000:\000:\000P\000O\000I\000N\000T\0003\000D\000<\000\040\000t\000y\000p\000e\000\040\000>\000\040\000S\000t\000r\000u\000c\000t\000\040\000T\000e\000m\000p\000l\000a\000t\000e\000\040\000R\000e\000f\000e\000r\000e\000n\000c\000e}{chapter.7}% 431
\BOOKMARK [2][-]{subsection.7.17.1}{\376\377\0007\000.\0001\0007\000.\0001\000\040\000M\000e\000m\000b\000e\000r\000\040\000F\000u\000n\000c\000t\000i\000o\000n\000\040\000D\000o\000c\000u\000m\000e\000n\000t\000a\000t\000i\000o\000n}{section.7.17}% 432
\BOOKMARK [3][-]{subsubsection.7.17.1.1}{\376\377\0007\000.\0001\0007\000.\0001\000.\0001\000\040\000o\000p\000e\000r\000a\000t\000o\000r\000<\000\050\000\051}{subsection.7.17.1}% 433
\BOOKMARK [3][-]{subsubsection.7.17.1.2}{\376\377\0007\000.\0001\0007\000.\0001\000.\0002\000\040\000o\000p\000e\000r\000a\000t\000o\000r\000<\000=\000\050\000\051}{subsection.7.17.1}% 434
\BOOKMARK [3][-]{subsubsection.7.17.1.3}{\376\377\0007\000.\0001\0007\000.\0001\000.\0003\000\040\000o\000p\000e\000r\000a\000t\000o\000r\000=\000\050\000\051}{subsection.7.17.1}% 435
\BOOKMARK [3][-]{subsubsection.7.17.1.4}{\376\377\0007\000.\0001\0007\000.\0001\000.\0004\000\040\000o\000p\000e\000r\000a\000t\000o\000r\000=\000=\000\050\000\051}{subsection.7.17.1}% 436
\BOOKMARK [3][-]{subsubsection.7.17.1.5}{\376\377\0007\000.\0001\0007\000.\0001\000.\0005\000\040\000o\000p\000e\000r\000a\000t\000o\000r\000>\000\050\000\051}{subsection.7.17.1}% 437
\BOOKMARK [3][-]{subsubsection.7.17.1.6}{\376\377\0007\000.\0001\0007\000.\0001\000.\0006\000\040\000o\000p\000e\000r\000a\000t\000o\000r\000>\000=\000\050\000\051}{subsection.7.17.1}% 438
\BOOKMARK [3][-]{subsubsection.7.17.1.7}{\376\377\0007\000.\0001\0007\000.\0001\000.\0007\000\040\000o\000p\000e\000r\000a\000t\000o\000r\000[\000]\000\050\000\051}{subsection.7.17.1}% 439
\BOOKMARK [2][-]{subsection.7.17.2}{\376\377\0007\000.\0001\0007\000.\0002\000\040\000M\000e\000m\000b\000e\000r\000\040\000D\000a\000t\000a\000\040\000D\000o\000c\000u\000m\000e\000n\000t\000a\000t\000i\000o\000n}{section.7.17}% 440
\BOOKMARK [3][-]{subsubsection.7.17.2.1}{\376\377\0007\000.\0001\0007\000.\0002\000.\0001\000\040\000x}{subsection.7.17.2}% 441
\BOOKMARK [3][-]{subsubsection.7.17.2.2}{\376\377\0007\000.\0001\0007\000.\0002\000.\0002\000\040\000y}{subsection.7.17.2}% 442
\BOOKMARK [3][-]{subsubsection.7.17.2.3}{\376\377\0007\000.\0001\0007\000.\0002\000.\0003\000\040\000z}{subsection.7.17.2}% 443
\BOOKMARK [1][-]{section.7.18}{\376\377\0007\000.\0001\0008\000\040\000R\000i\000n\000e\000g\000i\000n\000e\000:\000:\000K\000e\000r\000n\000e\000l\000:\000:\000P\000o\000i\000n\000t\000e\000r\000<\000\040\000t\000y\000p\000e\000\040\000>\000\040\000C\000l\000a\000s\000s\000\040\000T\000e\000m\000p\000l\000a\000t\000e\000\040\000R\000e\000f\000e\000r\000e\000n\000c\000e}{chapter.7}% 444
\BOOKMARK [2][-]{subsection.7.18.1}{\376\377\0007\000.\0001\0008\000.\0001\000\040\000C\000o\000n\000s\000t\000r\000u\000c\000t\000o\000r\000\040\000\046\000\040\000D\000e\000s\000t\000r\000u\000c\000t\000o\000r\000\040\000D\000o\000c\000u\000m\000e\000n\000t\000a\000t\000i\000o\000n}{section.7.18}% 445
\BOOKMARK [3][-]{subsubsection.7.18.1.1}{\376\377\0007\000.\0001\0008\000.\0001\000.\0001\000\040\000P\000o\000i\000n\000t\000e\000r\000\050\000\051\000\040\000[\0001\000/\0005\000]}{subsection.7.18.1}% 446
\BOOKMARK [3][-]{subsubsection.7.18.1.2}{\376\377\0007\000.\0001\0008\000.\0001\000.\0002\000\040\000P\000o\000i\000n\000t\000e\000r\000\050\000\051\000\040\000[\0002\000/\0005\000]}{subsection.7.18.1}% 447
\BOOKMARK [3][-]{subsubsection.7.18.1.3}{\376\377\0007\000.\0001\0008\000.\0001\000.\0003\000\040\000P\000o\000i\000n\000t\000e\000r\000\050\000\051\000\040\000[\0003\000/\0005\000]}{subsection.7.18.1}% 448
\BOOKMARK [3][-]{subsubsection.7.18.1.4}{\376\377\0007\000.\0001\0008\000.\0001\000.\0004\000\040\000P\000o\000i\000n\000t\000e\000r\000\050\000\051\000\040\000[\0004\000/\0005\000]}{subsection.7.18.1}% 449
\BOOKMARK [3][-]{subsubsection.7.18.1.5}{\376\377\0007\000.\0001\0008\000.\0001\000.\0005\000\040\000P\000o\000i\000n\000t\000e\000r\000\050\000\051\000\040\000[\0005\000/\0005\000]}{subsection.7.18.1}% 450
\BOOKMARK [2][-]{subsection.7.18.2}{\376\377\0007\000.\0001\0008\000.\0002\000\040\000M\000e\000m\000b\000e\000r\000\040\000F\000u\000n\000c\000t\000i\000o\000n\000\040\000D\000o\000c\000u\000m\000e\000n\000t\000a\000t\000i\000o\000n}{section.7.18}% 451
\BOOKMARK [3][-]{subsubsection.7.18.2.1}{\376\377\0007\000.\0001\0008\000.\0002\000.\0001\000\040\000c\000l\000e\000a\000r\000\050\000\051}{subsection.7.18.2}% 452
\BOOKMARK [3][-]{subsubsection.7.18.2.2}{\376\377\0007\000.\0001\0008\000.\0002\000.\0002\000\040\000g\000e\000t\000\050\000\051}{subsection.7.18.2}% 453
\BOOKMARK [3][-]{subsubsection.7.18.2.3}{\376\377\0007\000.\0001\0008\000.\0002\000.\0003\000\040\000i\000n\000i\000t\000\050\000\051\000\040\000[\0001\000/\0005\000]}{subsection.7.18.2}% 454
\BOOKMARK [3][-]{subsubsection.7.18.2.4}{\376\377\0007\000.\0001\0008\000.\0002\000.\0004\000\040\000i\000n\000i\000t\000\050\000\051\000\040\000[\0002\000/\0005\000]}{subsection.7.18.2}% 455
\BOOKMARK [3][-]{subsubsection.7.18.2.5}{\376\377\0007\000.\0001\0008\000.\0002\000.\0005\000\040\000i\000n\000i\000t\000\050\000\051\000\040\000[\0003\000/\0005\000]}{subsection.7.18.2}% 456
\BOOKMARK [3][-]{subsubsection.7.18.2.6}{\376\377\0007\000.\0001\0008\000.\0002\000.\0006\000\040\000i\000n\000i\000t\000\050\000\051\000\040\000[\0004\000/\0005\000]}{subsection.7.18.2}% 457
\BOOKMARK [3][-]{subsubsection.7.18.2.7}{\376\377\0007\000.\0001\0008\000.\0002\000.\0007\000\040\000i\000n\000i\000t\000\050\000\051\000\040\000[\0005\000/\0005\000]}{subsection.7.18.2}% 458
\BOOKMARK [3][-]{subsubsection.7.18.2.8}{\376\377\0007\000.\0001\0008\000.\0002\000.\0008\000\040\000i\000s\000\137\000i\000n\000i\000t\000\050\000\051}{subsection.7.18.2}% 459
\BOOKMARK [3][-]{subsubsection.7.18.2.9}{\376\377\0007\000.\0001\0008\000.\0002\000.\0009\000\040\000o\000p\000e\000r\000a\000t\000o\000r\000\040\000t\000y\000p\000e\000\040\000*\000\050\000\051}{subsection.7.18.2}% 460
\BOOKMARK [3][-]{subsubsection.7.18.2.10}{\376\377\0007\000.\0001\0008\000.\0002\000.\0001\0000\000\040\000o\000p\000e\000r\000a\000t\000o\000r\000-\000>\000\050\000\051}{subsection.7.18.2}% 461
\BOOKMARK [3][-]{subsubsection.7.18.2.11}{\376\377\0007\000.\0001\0008\000.\0002\000.\0001\0001\000\040\000o\000p\000e\000r\000a\000t\000o\000r\000=\000\050\000\051\000\040\000[\0001\000/\0004\000]}{subsection.7.18.2}% 462
\BOOKMARK [3][-]{subsubsection.7.18.2.12}{\376\377\0007\000.\0001\0008\000.\0002\000.\0001\0002\000\040\000o\000p\000e\000r\000a\000t\000o\000r\000=\000\050\000\051\000\040\000[\0002\000/\0004\000]}{subsection.7.18.2}% 463
\BOOKMARK [3][-]{subsubsection.7.18.2.13}{\376\377\0007\000.\0001\0008\000.\0002\000.\0001\0003\000\040\000o\000p\000e\000r\000a\000t\000o\000r\000=\000\050\000\051\000\040\000[\0003\000/\0004\000]}{subsection.7.18.2}% 464
\BOOKMARK [3][-]{subsubsection.7.18.2.14}{\376\377\0007\000.\0001\0008\000.\0002\000.\0001\0004\000\040\000o\000p\000e\000r\000a\000t\000o\000r\000=\000\050\000\051\000\040\000[\0004\000/\0004\000]}{subsection.7.18.2}% 465
\BOOKMARK [2][-]{subsection.7.18.3}{\376\377\0007\000.\0001\0008\000.\0003\000\040\000M\000e\000m\000b\000e\000r\000\040\000D\000a\000t\000a\000\040\000D\000o\000c\000u\000m\000e\000n\000t\000a\000t\000i\000o\000n}{section.7.18}% 466
\BOOKMARK [3][-]{subsubsection.7.18.3.1}{\376\377\0007\000.\0001\0008\000.\0003\000.\0001\000\040\000\137\000p\000t\000r}{subsection.7.18.3}% 467
\BOOKMARK [1][-]{section.7.19}{\376\377\0007\000.\0001\0009\000\040\000R\000i\000n\000e\000g\000i\000n\000e\000:\000:\000K\000e\000r\000n\000e\000l\000:\000:\000R\000a\000w\000\137\000P\000o\000i\000n\000t\000e\000r\000\040\000S\000t\000r\000u\000c\000t\000\040\000R\000e\000f\000e\000r\000e\000n\000c\000e}{chapter.7}% 468
\BOOKMARK [2][-]{subsection.7.19.1}{\376\377\0007\000.\0001\0009\000.\0001\000\040\000C\000o\000n\000s\000t\000r\000u\000c\000t\000o\000r\000\040\000\046\000\040\000D\000e\000s\000t\000r\000u\000c\000t\000o\000r\000\040\000D\000o\000c\000u\000m\000e\000n\000t\000a\000t\000i\000o\000n}{section.7.19}% 469
\BOOKMARK [3][-]{subsubsection.7.19.1.1}{\376\377\0007\000.\0001\0009\000.\0001\000.\0001\000\040\000R\000a\000w\000\137\000P\000o\000i\000n\000t\000e\000r\000\050\000\051\000\040\000[\0001\000/\0002\000]}{subsection.7.19.1}% 470
\BOOKMARK [3][-]{subsubsection.7.19.1.2}{\376\377\0007\000.\0001\0009\000.\0001\000.\0002\000\040\000R\000a\000w\000\137\000P\000o\000i\000n\000t\000e\000r\000\050\000\051\000\040\000[\0002\000/\0002\000]}{subsection.7.19.1}% 471
\BOOKMARK [3][-]{subsubsection.7.19.1.3}{\376\377\0007\000.\0001\0009\000.\0001\000.\0003\000\040\000~\000R\000a\000w\000\137\000P\000o\000i\000n\000t\000e\000r\000\050\000\051}{subsection.7.19.1}% 472
\BOOKMARK [2][-]{subsection.7.19.2}{\376\377\0007\000.\0001\0009\000.\0002\000\040\000M\000e\000m\000b\000e\000r\000\040\000F\000u\000n\000c\000t\000i\000o\000n\000\040\000D\000o\000c\000u\000m\000e\000n\000t\000a\000t\000i\000o\000n}{section.7.19}% 473
\BOOKMARK [3][-]{subsubsection.7.19.2.1}{\376\377\0007\000.\0001\0009\000.\0002\000.\0001\000\040\000c\000l\000e\000a\000r\000\050\000\051}{subsection.7.19.2}% 474
\BOOKMARK [3][-]{subsubsection.7.19.2.2}{\376\377\0007\000.\0001\0009\000.\0002\000.\0002\000\040\000g\000e\000t\000\050\000\051}{subsection.7.19.2}% 475
\BOOKMARK [3][-]{subsubsection.7.19.2.3}{\376\377\0007\000.\0001\0009\000.\0002\000.\0003\000\040\000i\000n\000i\000t\000\050\000\051\000\040\000[\0001\000/\0002\000]}{subsection.7.19.2}% 476
\BOOKMARK [3][-]{subsubsection.7.19.2.4}{\376\377\0007\000.\0001\0009\000.\0002\000.\0004\000\040\000i\000n\000i\000t\000\050\000\051\000\040\000[\0002\000/\0002\000]}{subsection.7.19.2}% 477
\BOOKMARK [3][-]{subsubsection.7.19.2.5}{\376\377\0007\000.\0001\0009\000.\0002\000.\0005\000\040\000i\000s\000\137\000i\000n\000i\000t\000\050\000\051}{subsection.7.19.2}% 478
\BOOKMARK [3][-]{subsubsection.7.19.2.6}{\376\377\0007\000.\0001\0009\000.\0002\000.\0006\000\040\000o\000p\000e\000r\000a\000t\000o\000r\000\040\000v\000o\000i\000d\000\040\000*\000\050\000\051}{subsection.7.19.2}% 479
\BOOKMARK [3][-]{subsubsection.7.19.2.7}{\376\377\0007\000.\0001\0009\000.\0002\000.\0007\000\040\000o\000p\000e\000r\000a\000t\000o\000r\000-\000>\000\050\000\051}{subsection.7.19.2}% 480
\BOOKMARK [3][-]{subsubsection.7.19.2.8}{\376\377\0007\000.\0001\0009\000.\0002\000.\0008\000\040\000o\000p\000e\000r\000a\000t\000o\000r\000=\000\050\000\051}{subsection.7.19.2}% 481
\BOOKMARK [2][-]{subsection.7.19.3}{\376\377\0007\000.\0001\0009\000.\0003\000\040\000M\000e\000m\000b\000e\000r\000\040\000D\000a\000t\000a\000\040\000D\000o\000c\000u\000m\000e\000n\000t\000a\000t\000i\000o\000n}{section.7.19}% 482
\BOOKMARK [3][-]{subsubsection.7.19.3.1}{\376\377\0007\000.\0001\0009\000.\0003\000.\0001\000\040\000a\000r\000r\000s\000i\000z\000e}{subsection.7.19.3}% 483
\BOOKMARK [3][-]{subsubsection.7.19.3.2}{\376\377\0007\000.\0001\0009\000.\0003\000.\0002\000\040\000p\000t\000r}{subsection.7.19.3}% 484
\BOOKMARK [3][-]{subsubsection.7.19.3.3}{\376\377\0007\000.\0001\0009\000.\0003\000.\0003\000\040\000t\000y\000p\000e\000s\000i\000z\000e}{subsection.7.19.3}% 485
\BOOKMARK [1][-]{section.7.20}{\376\377\0007\000.\0002\0000\000\040\000R\000i\000n\000e\000g\000i\000n\000e\000:\000:\000K\000e\000r\000n\000e\000l\000:\000:\000R\000G\000\137\000C\000R\000a\000n\000d\000\040\000C\000l\000a\000s\000s\000\040\000R\000e\000f\000e\000r\000e\000n\000c\000e}{chapter.7}% 486
\BOOKMARK [2][-]{subsection.7.20.1}{\376\377\0007\000.\0002\0000\000.\0001\000\040\000C\000o\000n\000s\000t\000r\000u\000c\000t\000o\000r\000\040\000\046\000\040\000D\000e\000s\000t\000r\000u\000c\000t\000o\000r\000\040\000D\000o\000c\000u\000m\000e\000n\000t\000a\000t\000i\000o\000n}{section.7.20}% 487
\BOOKMARK [3][-]{subsubsection.7.20.1.1}{\376\377\0007\000.\0002\0000\000.\0001\000.\0001\000\040\000R\000G\000\137\000C\000R\000a\000n\000d\000\050\000\051\000\040\000[\0001\000/\0002\000]}{subsection.7.20.1}% 488
\BOOKMARK [3][-]{subsubsection.7.20.1.2}{\376\377\0007\000.\0002\0000\000.\0001\000.\0002\000\040\000R\000G\000\137\000C\000R\000a\000n\000d\000\050\000\051\000\040\000[\0002\000/\0002\000]}{subsection.7.20.1}% 489
\BOOKMARK [2][-]{subsection.7.20.2}{\376\377\0007\000.\0002\0000\000.\0002\000\040\000M\000e\000m\000b\000e\000r\000\040\000F\000u\000n\000c\000t\000i\000o\000n\000\040\000D\000o\000c\000u\000m\000e\000n\000t\000a\000t\000i\000o\000n}{section.7.20}% 490
\BOOKMARK [3][-]{subsubsection.7.20.2.1}{\376\377\0007\000.\0002\0000\000.\0002\000.\0001\000\040\000i\000n\000i\000t\000\050\000\051}{subsection.7.20.2}% 491
\BOOKMARK [3][-]{subsubsection.7.20.2.2}{\376\377\0007\000.\0002\0000\000.\0002\000.\0002\000\040\000i\000s\000\137\000i\000n\000i\000t\000\050\000\051}{subsection.7.20.2}% 492
\BOOKMARK [3][-]{subsubsection.7.20.2.3}{\376\377\0007\000.\0002\0000\000.\0002\000.\0003\000\040\000r\000a\000n\000d\000\050\000\051}{subsection.7.20.2}% 493
\BOOKMARK [1][-]{section.7.21}{\376\377\0007\000.\0002\0001\000\040\000R\000i\000n\000e\000g\000i\000n\000e\000:\000:\000K\000e\000r\000n\000e\000l\000:\000:\000R\000G\000\137\000E\000N\000C\000O\000D\000E\000\040\000C\000l\000a\000s\000s\000\040\000R\000e\000f\000e\000r\000e\000n\000c\000e}{chapter.7}% 494
\BOOKMARK [2][-]{subsection.7.21.1}{\376\377\0007\000.\0002\0001\000.\0001\000\040\000M\000e\000m\000b\000e\000r\000\040\000F\000u\000n\000c\000t\000i\000o\000n\000\040\000D\000o\000c\000u\000m\000e\000n\000t\000a\000t\000i\000o\000n}{section.7.21}% 495
\BOOKMARK [3][-]{subsubsection.7.21.1.1}{\376\377\0007\000.\0002\0001\000.\0001\000.\0001\000\040\000g\000e\000t\000\050\000\051}{subsection.7.21.1}% 496
\BOOKMARK [3][-]{subsubsection.7.21.1.2}{\376\377\0007\000.\0002\0001\000.\0001\000.\0002\000\040\000g\000e\000t\000\137\000i\000d\000\050\000\051}{subsection.7.21.1}% 497
\BOOKMARK [3][-]{subsubsection.7.21.1.3}{\376\377\0007\000.\0002\0001\000.\0001\000.\0003\000\040\000g\000e\000t\000\137\000s\000i\000z\000e\000\050\000\051}{subsection.7.21.1}% 498
\BOOKMARK [3][-]{subsubsection.7.21.1.4}{\376\377\0007\000.\0002\0001\000.\0001\000.\0004\000\040\000i\000s\000\137\000i\000n\000i\000t\000\050\000\051}{subsection.7.21.1}% 499
\BOOKMARK [1][-]{section.7.22}{\376\377\0007\000.\0002\0002\000\040\000R\000i\000n\000e\000g\000i\000n\000e\000:\000:\000K\000e\000r\000n\000e\000l\000:\000:\000R\000G\000\137\000L\000i\000s\000t\000<\000\040\000t\000y\000p\000e\000\040\000>\000\040\000C\000l\000a\000s\000s\000\040\000T\000e\000m\000p\000l\000a\000t\000e\000\040\000R\000e\000f\000e\000r\000e\000n\000c\000e}{chapter.7}% 500
\BOOKMARK [2][-]{subsection.7.22.1}{\376\377\0007\000.\0002\0002\000.\0001\000\040\000C\000o\000n\000s\000t\000r\000u\000c\000t\000o\000r\000\040\000\046\000\040\000D\000e\000s\000t\000r\000u\000c\000t\000o\000r\000\040\000D\000o\000c\000u\000m\000e\000n\000t\000a\000t\000i\000o\000n}{section.7.22}% 501
\BOOKMARK [3][-]{subsubsection.7.22.1.1}{\376\377\0007\000.\0002\0002\000.\0001\000.\0001\000\040\000R\000G\000\137\000L\000i\000s\000t\000\050\000\051}{subsection.7.22.1}% 502
\BOOKMARK [2][-]{subsection.7.22.2}{\376\377\0007\000.\0002\0002\000.\0002\000\040\000M\000e\000m\000b\000e\000r\000\040\000F\000u\000n\000c\000t\000i\000o\000n\000\040\000D\000o\000c\000u\000m\000e\000n\000t\000a\000t\000i\000o\000n}{section.7.22}% 503
\BOOKMARK [3][-]{subsubsection.7.22.2.1}{\376\377\0007\000.\0002\0002\000.\0002\000.\0001\000\040\000o\000p\000e\000r\000a\000t\000o\000r\000\040\000A\000r\000r\000a\000y\000<\000\040\000t\000y\000p\000e\000\040\000>\000\040\000\046\000\050\000\051}{subsection.7.22.2}% 504
\BOOKMARK [3][-]{subsubsection.7.22.2.2}{\376\377\0007\000.\0002\0002\000.\0002\000.\0002\000\040\000o\000p\000e\000r\000a\000t\000o\000r\000[\000]\000\050\000\051}{subsection.7.22.2}% 505
\BOOKMARK [3][-]{subsubsection.7.22.2.3}{\376\377\0007\000.\0002\0002\000.\0002\000.\0003\000\040\000s\000i\000z\000e\000\050\000\051}{subsection.7.22.2}% 506
\BOOKMARK [1][-]{section.7.23}{\376\377\0007\000.\0002\0003\000\040\000R\000i\000n\000e\000g\000i\000n\000e\000:\000:\000K\000e\000r\000n\000e\000l\000:\000:\000R\000G\000\137\000M\000a\000p\000<\000\040\000t\000y\000p\000e\000\040\000>\000\040\000C\000l\000a\000s\000s\000\040\000T\000e\000m\000p\000l\000a\000t\000e\000\040\000R\000e\000f\000e\000r\000e\000n\000c\000e}{chapter.7}% 507
\BOOKMARK [2][-]{subsection.7.23.1}{\376\377\0007\000.\0002\0003\000.\0001\000\040\000C\000o\000n\000s\000t\000r\000u\000c\000t\000o\000r\000\040\000\046\000\040\000D\000e\000s\000t\000r\000u\000c\000t\000o\000r\000\040\000D\000o\000c\000u\000m\000e\000n\000t\000a\000t\000i\000o\000n}{section.7.23}% 508
\BOOKMARK [3][-]{subsubsection.7.23.1.1}{\376\377\0007\000.\0002\0003\000.\0001\000.\0001\000\040\000R\000G\000\137\000M\000a\000p\000\050\000\051\000\040\000[\0001\000/\0006\000]}{subsection.7.23.1}% 509
\BOOKMARK [3][-]{subsubsection.7.23.1.2}{\376\377\0007\000.\0002\0003\000.\0001\000.\0002\000\040\000R\000G\000\137\000M\000a\000p\000\050\000\051\000\040\000[\0002\000/\0006\000]}{subsection.7.23.1}% 510
\BOOKMARK [3][-]{subsubsection.7.23.1.3}{\376\377\0007\000.\0002\0003\000.\0001\000.\0003\000\040\000R\000G\000\137\000M\000a\000p\000\050\000\051\000\040\000[\0003\000/\0006\000]}{subsection.7.23.1}% 511
\BOOKMARK [3][-]{subsubsection.7.23.1.4}{\376\377\0007\000.\0002\0003\000.\0001\000.\0004\000\040\000R\000G\000\137\000M\000a\000p\000\050\000\051\000\040\000[\0004\000/\0006\000]}{subsection.7.23.1}% 512
\BOOKMARK [3][-]{subsubsection.7.23.1.5}{\376\377\0007\000.\0002\0003\000.\0001\000.\0005\000\040\000R\000G\000\137\000M\000a\000p\000\050\000\051\000\040\000[\0005\000/\0006\000]}{subsection.7.23.1}% 513
\BOOKMARK [3][-]{subsubsection.7.23.1.6}{\376\377\0007\000.\0002\0003\000.\0001\000.\0006\000\040\000R\000G\000\137\000M\000a\000p\000\050\000\051\000\040\000[\0006\000/\0006\000]}{subsection.7.23.1}% 514
\BOOKMARK [3][-]{subsubsection.7.23.1.7}{\376\377\0007\000.\0002\0003\000.\0001\000.\0007\000\040\000~\000R\000G\000\137\000M\000a\000p\000\050\000\051}{subsection.7.23.1}% 515
\BOOKMARK [2][-]{subsection.7.23.2}{\376\377\0007\000.\0002\0003\000.\0002\000\040\000M\000e\000m\000b\000e\000r\000\040\000F\000u\000n\000c\000t\000i\000o\000n\000\040\000D\000o\000c\000u\000m\000e\000n\000t\000a\000t\000i\000o\000n}{section.7.23}% 516
\BOOKMARK [3][-]{subsubsection.7.23.2.1}{\376\377\0007\000.\0002\0003\000.\0002\000.\0001\000\040\000c\000l\000e\000a\000r\000\050\000\051}{subsection.7.23.2}% 517
\BOOKMARK [3][-]{subsubsection.7.23.2.2}{\376\377\0007\000.\0002\0003\000.\0002\000.\0002\000\040\000f\000i\000l\000l\000\050\000\051\000\040\000[\0001\000/\0005\000]}{subsection.7.23.2}% 518
\BOOKMARK [3][-]{subsubsection.7.23.2.3}{\376\377\0007\000.\0002\0003\000.\0002\000.\0003\000\040\000f\000i\000l\000l\000\050\000\051\000\040\000[\0002\000/\0005\000]}{subsection.7.23.2}% 519
\BOOKMARK [3][-]{subsubsection.7.23.2.4}{\376\377\0007\000.\0002\0003\000.\0002\000.\0004\000\040\000f\000i\000l\000l\000\050\000\051\000\040\000[\0003\000/\0005\000]}{subsection.7.23.2}% 520
\BOOKMARK [3][-]{subsubsection.7.23.2.5}{\376\377\0007\000.\0002\0003\000.\0002\000.\0005\000\040\000f\000i\000l\000l\000\050\000\051\000\040\000[\0004\000/\0005\000]}{subsection.7.23.2}% 521
\BOOKMARK [3][-]{subsubsection.7.23.2.6}{\376\377\0007\000.\0002\0003\000.\0002\000.\0006\000\040\000f\000i\000l\000l\000\050\000\051\000\040\000[\0005\000/\0005\000]}{subsection.7.23.2}% 522
\BOOKMARK [3][-]{subsubsection.7.23.2.7}{\376\377\0007\000.\0002\0003\000.\0002\000.\0007\000\040\000f\000i\000n\000d\000\050\000\051\000\040\000[\0001\000/\0002\000]}{subsection.7.23.2}% 523
\BOOKMARK [3][-]{subsubsection.7.23.2.8}{\376\377\0007\000.\0002\0003\000.\0002\000.\0008\000\040\000f\000i\000n\000d\000\050\000\051\000\040\000[\0002\000/\0002\000]}{subsection.7.23.2}% 524
\BOOKMARK [3][-]{subsubsection.7.23.2.9}{\376\377\0007\000.\0002\0003\000.\0002\000.\0009\000\040\000f\000i\000n\000d\000p\000o\000s\000\050\000\051}{subsection.7.23.2}% 525
\BOOKMARK [3][-]{subsubsection.7.23.2.10}{\376\377\0007\000.\0002\0003\000.\0002\000.\0001\0000\000\040\000g\000e\000t\000\137\000a\000r\000r\000\050\000\051}{subsection.7.23.2}% 526
\BOOKMARK [3][-]{subsubsection.7.23.2.11}{\376\377\0007\000.\0002\0003\000.\0002\000.\0001\0001\000\040\000g\000e\000t\000\137\000r\000g\000a\000r\000r\000\050\000\051}{subsection.7.23.2}% 527
\BOOKMARK [3][-]{subsubsection.7.23.2.12}{\376\377\0007\000.\0002\0003\000.\0002\000.\0001\0002\000\040\000i\000n\000i\000t\000\050\000\051\000\040\000[\0001\000/\0005\000]}{subsection.7.23.2}% 528
\BOOKMARK [3][-]{subsubsection.7.23.2.13}{\376\377\0007\000.\0002\0003\000.\0002\000.\0001\0003\000\040\000i\000n\000i\000t\000\050\000\051\000\040\000[\0002\000/\0005\000]}{subsection.7.23.2}% 529
\BOOKMARK [3][-]{subsubsection.7.23.2.14}{\376\377\0007\000.\0002\0003\000.\0002\000.\0001\0004\000\040\000i\000n\000i\000t\000\050\000\051\000\040\000[\0003\000/\0005\000]}{subsection.7.23.2}% 530
\BOOKMARK [3][-]{subsubsection.7.23.2.15}{\376\377\0007\000.\0002\0003\000.\0002\000.\0001\0005\000\040\000i\000n\000i\000t\000\050\000\051\000\040\000[\0004\000/\0005\000]}{subsection.7.23.2}% 531
\BOOKMARK [3][-]{subsubsection.7.23.2.16}{\376\377\0007\000.\0002\0003\000.\0002\000.\0001\0006\000\040\000i\000n\000i\000t\000\050\000\051\000\040\000[\0005\000/\0005\000]}{subsection.7.23.2}% 532
\BOOKMARK [3][-]{subsubsection.7.23.2.17}{\376\377\0007\000.\0002\0003\000.\0002\000.\0001\0007\000\040\000o\000p\000e\000r\000a\000t\000o\000r\000[\000]\000\050\000\051\000\040\000[\0001\000/\0002\000]}{subsection.7.23.2}% 533
\BOOKMARK [3][-]{subsubsection.7.23.2.18}{\376\377\0007\000.\0002\0003\000.\0002\000.\0001\0008\000\040\000o\000p\000e\000r\000a\000t\000o\000r\000[\000]\000\050\000\051\000\040\000[\0002\000/\0002\000]}{subsection.7.23.2}% 534
\BOOKMARK [3][-]{subsubsection.7.23.2.19}{\376\377\0007\000.\0002\0003\000.\0002\000.\0001\0009\000\040\000p\000u\000s\000h\000\137\000b\000a\000c\000k\000\050\000\051}{subsection.7.23.2}% 535
\BOOKMARK [3][-]{subsubsection.7.23.2.20}{\376\377\0007\000.\0002\0003\000.\0002\000.\0002\0000\000\040\000r\000e\000s\000i\000z\000e\000\050\000\051}{subsection.7.23.2}% 536
\BOOKMARK [3][-]{subsubsection.7.23.2.21}{\376\377\0007\000.\0002\0003\000.\0002\000.\0002\0001\000\040\000s\000i\000z\000e\000\050\000\051}{subsection.7.23.2}% 537
\BOOKMARK [3][-]{subsubsection.7.23.2.22}{\376\377\0007\000.\0002\0003\000.\0002\000.\0002\0002\000\040\000s\000o\000r\000t\000\050\000\051}{subsection.7.23.2}% 538
\BOOKMARK [1][-]{section.7.24}{\376\377\0007\000.\0002\0004\000\040\000R\000i\000n\000e\000g\000i\000n\000e\000:\000:\000K\000e\000r\000n\000e\000l\000:\000:\000R\000G\000\137\000M\000a\000t\000r\000i\000x\0003\000D\000<\000\040\000t\000y\000p\000e\000\040\000>\000\040\000C\000l\000a\000s\000s\000\040\000T\000e\000m\000p\000l\000a\000t\000e\000\040\000R\000e\000f\000e\000r\000e\000n\000c\000e}{chapter.7}% 539
\BOOKMARK [2][-]{subsection.7.24.1}{\376\377\0007\000.\0002\0004\000.\0001\000\040\000C\000o\000n\000s\000t\000r\000u\000c\000t\000o\000r\000\040\000\046\000\040\000D\000e\000s\000t\000r\000u\000c\000t\000o\000r\000\040\000D\000o\000c\000u\000m\000e\000n\000t\000a\000t\000i\000o\000n}{section.7.24}% 540
\BOOKMARK [3][-]{subsubsection.7.24.1.1}{\376\377\0007\000.\0002\0004\000.\0001\000.\0001\000\040\000R\000G\000\137\000M\000a\000t\000r\000i\000x\0003\000D\000\050\000\051\000\040\000[\0001\000/\0007\000]}{subsection.7.24.1}% 541
\BOOKMARK [3][-]{subsubsection.7.24.1.2}{\376\377\0007\000.\0002\0004\000.\0001\000.\0002\000\040\000R\000G\000\137\000M\000a\000t\000r\000i\000x\0003\000D\000\050\000\051\000\040\000[\0002\000/\0007\000]}{subsection.7.24.1}% 542
\BOOKMARK [3][-]{subsubsection.7.24.1.3}{\376\377\0007\000.\0002\0004\000.\0001\000.\0003\000\040\000R\000G\000\137\000M\000a\000t\000r\000i\000x\0003\000D\000\050\000\051\000\040\000[\0003\000/\0007\000]}{subsection.7.24.1}% 543
\BOOKMARK [3][-]{subsubsection.7.24.1.4}{\376\377\0007\000.\0002\0004\000.\0001\000.\0004\000\040\000R\000G\000\137\000M\000a\000t\000r\000i\000x\0003\000D\000\050\000\051\000\040\000[\0004\000/\0007\000]}{subsection.7.24.1}% 544
\BOOKMARK [3][-]{subsubsection.7.24.1.5}{\376\377\0007\000.\0002\0004\000.\0001\000.\0005\000\040\000R\000G\000\137\000M\000a\000t\000r\000i\000x\0003\000D\000\050\000\051\000\040\000[\0005\000/\0007\000]}{subsection.7.24.1}% 545
\BOOKMARK [3][-]{subsubsection.7.24.1.6}{\376\377\0007\000.\0002\0004\000.\0001\000.\0006\000\040\000R\000G\000\137\000M\000a\000t\000r\000i\000x\0003\000D\000\050\000\051\000\040\000[\0006\000/\0007\000]}{subsection.7.24.1}% 546
\BOOKMARK [3][-]{subsubsection.7.24.1.7}{\376\377\0007\000.\0002\0004\000.\0001\000.\0007\000\040\000R\000G\000\137\000M\000a\000t\000r\000i\000x\0003\000D\000\050\000\051\000\040\000[\0007\000/\0007\000]}{subsection.7.24.1}% 547
\BOOKMARK [3][-]{subsubsection.7.24.1.8}{\376\377\0007\000.\0002\0004\000.\0001\000.\0008\000\040\000~\000R\000G\000\137\000M\000a\000t\000r\000i\000x\0003\000D\000\050\000\051}{subsection.7.24.1}% 548
\BOOKMARK [2][-]{subsection.7.24.2}{\376\377\0007\000.\0002\0004\000.\0002\000\040\000M\000e\000m\000b\000e\000r\000\040\000F\000u\000n\000c\000t\000i\000o\000n\000\040\000D\000o\000c\000u\000m\000e\000n\000t\000a\000t\000i\000o\000n}{section.7.24}% 549
\BOOKMARK [3][-]{subsubsection.7.24.2.1}{\376\377\0007\000.\0002\0004\000.\0002\000.\0001\000\040\000c\000l\000e\000a\000r\000\050\000\051}{subsection.7.24.2}% 550
\BOOKMARK [3][-]{subsubsection.7.24.2.2}{\376\377\0007\000.\0002\0004\000.\0002\000.\0002\000\040\000e\000m\000p\000t\000y\000\050\000\051}{subsection.7.24.2}% 551
\BOOKMARK [3][-]{subsubsection.7.24.2.3}{\376\377\0007\000.\0002\0004\000.\0002\000.\0003\000\040\000f\000i\000l\000l\000\050\000\051\000\040\000[\0001\000/\0007\000]}{subsection.7.24.2}% 552
\BOOKMARK [3][-]{subsubsection.7.24.2.4}{\376\377\0007\000.\0002\0004\000.\0002\000.\0004\000\040\000f\000i\000l\000l\000\050\000\051\000\040\000[\0002\000/\0007\000]}{subsection.7.24.2}% 553
\BOOKMARK [3][-]{subsubsection.7.24.2.5}{\376\377\0007\000.\0002\0004\000.\0002\000.\0005\000\040\000f\000i\000l\000l\000\050\000\051\000\040\000[\0003\000/\0007\000]}{subsection.7.24.2}% 554
\BOOKMARK [3][-]{subsubsection.7.24.2.6}{\376\377\0007\000.\0002\0004\000.\0002\000.\0006\000\040\000f\000i\000l\000l\000\050\000\051\000\040\000[\0004\000/\0007\000]}{subsection.7.24.2}% 555
\BOOKMARK [3][-]{subsubsection.7.24.2.7}{\376\377\0007\000.\0002\0004\000.\0002\000.\0007\000\040\000f\000i\000l\000l\000\050\000\051\000\040\000[\0005\000/\0007\000]}{subsection.7.24.2}% 556
\BOOKMARK [3][-]{subsubsection.7.24.2.8}{\376\377\0007\000.\0002\0004\000.\0002\000.\0008\000\040\000f\000i\000l\000l\000\050\000\051\000\040\000[\0006\000/\0007\000]}{subsection.7.24.2}% 557
\BOOKMARK [3][-]{subsubsection.7.24.2.9}{\376\377\0007\000.\0002\0004\000.\0002\000.\0009\000\040\000f\000i\000l\000l\000\050\000\051\000\040\000[\0007\000/\0007\000]}{subsection.7.24.2}% 558
\BOOKMARK [3][-]{subsubsection.7.24.2.10}{\376\377\0007\000.\0002\0004\000.\0002\000.\0001\0000\000\040\000f\000i\000l\000l\000\137\000r\000a\000n\000g\000e\000\137\000r\000a\000n\000d\000o\000m\000\050\000\051}{subsection.7.24.2}% 559
\BOOKMARK [3][-]{subsubsection.7.24.2.11}{\376\377\0007\000.\0002\0004\000.\0002\000.\0001\0001\000\040\000g\000e\000t\000\050\000\051\000\040\000[\0001\000/\0004\000]}{subsection.7.24.2}% 560
\BOOKMARK [3][-]{subsubsection.7.24.2.12}{\376\377\0007\000.\0002\0004\000.\0002\000.\0001\0002\000\040\000g\000e\000t\000\050\000\051\000\040\000[\0002\000/\0004\000]}{subsection.7.24.2}% 561
\BOOKMARK [3][-]{subsubsection.7.24.2.13}{\376\377\0007\000.\0002\0004\000.\0002\000.\0001\0003\000\040\000g\000e\000t\000\050\000\051\000\040\000[\0003\000/\0004\000]}{subsection.7.24.2}% 562
\BOOKMARK [3][-]{subsubsection.7.24.2.14}{\376\377\0007\000.\0002\0004\000.\0002\000.\0001\0004\000\040\000g\000e\000t\000\050\000\051\000\040\000[\0004\000/\0004\000]}{subsection.7.24.2}% 563
\BOOKMARK [3][-]{subsubsection.7.24.2.15}{\376\377\0007\000.\0002\0004\000.\0002\000.\0001\0005\000\040\000g\000e\000t\000\137\000m\000a\000t\000\050\000\051}{subsection.7.24.2}% 564
\BOOKMARK [3][-]{subsubsection.7.24.2.16}{\376\377\0007\000.\0002\0004\000.\0002\000.\0001\0006\000\040\000g\000e\000t\000z\000y\000x\000\050\000\051}{subsection.7.24.2}% 565
\BOOKMARK [3][-]{subsubsection.7.24.2.17}{\376\377\0007\000.\0002\0004\000.\0002\000.\0001\0007\000\040\000i\000n\000i\000t\000\050\000\051\000\040\000[\0001\000/\0006\000]}{subsection.7.24.2}% 566
\BOOKMARK [3][-]{subsubsection.7.24.2.18}{\376\377\0007\000.\0002\0004\000.\0002\000.\0001\0008\000\040\000i\000n\000i\000t\000\050\000\051\000\040\000[\0002\000/\0006\000]}{subsection.7.24.2}% 567
\BOOKMARK [3][-]{subsubsection.7.24.2.19}{\376\377\0007\000.\0002\0004\000.\0002\000.\0001\0009\000\040\000i\000n\000i\000t\000\050\000\051\000\040\000[\0003\000/\0006\000]}{subsection.7.24.2}% 568
\BOOKMARK [3][-]{subsubsection.7.24.2.20}{\376\377\0007\000.\0002\0004\000.\0002\000.\0002\0000\000\040\000i\000n\000i\000t\000\050\000\051\000\040\000[\0004\000/\0006\000]}{subsection.7.24.2}% 569
\BOOKMARK [3][-]{subsubsection.7.24.2.21}{\376\377\0007\000.\0002\0004\000.\0002\000.\0002\0001\000\040\000i\000n\000i\000t\000\050\000\051\000\040\000[\0005\000/\0006\000]}{subsection.7.24.2}% 570
\BOOKMARK [3][-]{subsubsection.7.24.2.22}{\376\377\0007\000.\0002\0004\000.\0002\000.\0002\0002\000\040\000i\000n\000i\000t\000\050\000\051\000\040\000[\0006\000/\0006\000]}{subsection.7.24.2}% 571
\BOOKMARK [3][-]{subsubsection.7.24.2.23}{\376\377\0007\000.\0002\0004\000.\0002\000.\0002\0003\000\040\000m\000o\000v\000e\000f\000i\000l\000l\000\050\000\051}{subsection.7.24.2}% 572
\BOOKMARK [3][-]{subsubsection.7.24.2.24}{\376\377\0007\000.\0002\0004\000.\0002\000.\0002\0004\000\040\000n\000o\000i\000s\000e\000\137\000d\000b\000o\000o\000l\000\137\000f\000i\000l\000l\000\050\000\051}{subsection.7.24.2}% 573
\BOOKMARK [3][-]{subsubsection.7.24.2.25}{\376\377\0007\000.\0002\0004\000.\0002\000.\0002\0005\000\040\000n\000o\000i\000s\000e\000\137\000f\000i\000l\000l\000\050\000\051}{subsection.7.24.2}% 574
\BOOKMARK [3][-]{subsubsection.7.24.2.26}{\376\377\0007\000.\0002\0004\000.\0002\000.\0002\0006\000\040\000o\000p\000e\000r\000a\000t\000o\000r\000\040\000A\000r\000r\000a\000y\000<\000\040\000t\000y\000p\000e\000\040\000>\000\050\000\051}{subsection.7.24.2}% 575
\BOOKMARK [3][-]{subsubsection.7.24.2.27}{\376\377\0007\000.\0002\0004\000.\0002\000.\0002\0007\000\040\000o\000p\000e\000r\000a\000t\000o\000r\000\040\000A\000r\000r\000a\000y\000<\000\040\000t\000y\000p\000e\000\040\000>\000\040\000\046\000\050\000\051}{subsection.7.24.2}% 576
\BOOKMARK [3][-]{subsubsection.7.24.2.28}{\376\377\0007\000.\0002\0004\000.\0002\000.\0002\0008\000\040\000o\000p\000e\000r\000a\000t\000o\000r\000\040\000b\000o\000o\000l\000\050\000\051}{subsection.7.24.2}% 577
\BOOKMARK [3][-]{subsubsection.7.24.2.29}{\376\377\0007\000.\0002\0004\000.\0002\000.\0002\0009\000\040\000o\000p\000e\000r\000a\000t\000o\000r\000\040\000t\000y\000p\000e\000\040\000*\000\050\000\051}{subsection.7.24.2}% 578
\BOOKMARK [3][-]{subsubsection.7.24.2.30}{\376\377\0007\000.\0002\0004\000.\0002\000.\0003\0000\000\040\000o\000p\000e\000r\000a\000t\000o\000r\000\040\000u\000i\000n\000t\000\050\000\051}{subsection.7.24.2}% 579
\BOOKMARK [3][-]{subsubsection.7.24.2.31}{\376\377\0007\000.\0002\0004\000.\0002\000.\0003\0001\000\040\000o\000p\000e\000r\000a\000t\000o\000r\000\045\000\050\000\051}{subsection.7.24.2}% 580
\BOOKMARK [3][-]{subsubsection.7.24.2.32}{\376\377\0007\000.\0002\0004\000.\0002\000.\0003\0002\000\040\000o\000p\000e\000r\000a\000t\000o\000r\000*\000\050\000\051}{subsection.7.24.2}% 581
\BOOKMARK [3][-]{subsubsection.7.24.2.33}{\376\377\0007\000.\0002\0004\000.\0002\000.\0003\0003\000\040\000o\000p\000e\000r\000a\000t\000o\000r\000+\000=\000\050\000\051}{subsection.7.24.2}% 582
\BOOKMARK [3][-]{subsubsection.7.24.2.34}{\376\377\0007\000.\0002\0004\000.\0002\000.\0003\0004\000\040\000o\000p\000e\000r\000a\000t\000o\000r\000-\000=\000\050\000\051}{subsection.7.24.2}% 583
\BOOKMARK [3][-]{subsubsection.7.24.2.35}{\376\377\0007\000.\0002\0004\000.\0002\000.\0003\0005\000\040\000o\000p\000e\000r\000a\000t\000o\000r\000=\000\050\000\051\000\040\000[\0001\000/\0003\000]}{subsection.7.24.2}% 584
\BOOKMARK [3][-]{subsubsection.7.24.2.36}{\376\377\0007\000.\0002\0004\000.\0002\000.\0003\0006\000\040\000o\000p\000e\000r\000a\000t\000o\000r\000=\000\050\000\051\000\040\000[\0002\000/\0003\000]}{subsection.7.24.2}% 585
\BOOKMARK [3][-]{subsubsection.7.24.2.37}{\376\377\0007\000.\0002\0004\000.\0002\000.\0003\0007\000\040\000o\000p\000e\000r\000a\000t\000o\000r\000=\000\050\000\051\000\040\000[\0003\000/\0003\000]}{subsection.7.24.2}% 586
\BOOKMARK [3][-]{subsubsection.7.24.2.38}{\376\377\0007\000.\0002\0004\000.\0002\000.\0003\0008\000\040\000p\000l\000a\000c\000e\000\050\000\051}{subsection.7.24.2}% 587
\BOOKMARK [3][-]{subsubsection.7.24.2.39}{\376\377\0007\000.\0002\0004\000.\0002\000.\0003\0009\000\040\000p\000r\000i\000n\000t\000\050\000\051}{subsection.7.24.2}% 588
\BOOKMARK [3][-]{subsubsection.7.24.2.40}{\376\377\0007\000.\0002\0004\000.\0002\000.\0004\0000\000\040\000r\000a\000n\000d\000o\000m\000\137\000f\000i\000l\000l\000\050\000\051}{subsection.7.24.2}% 589
\BOOKMARK [3][-]{subsubsection.7.24.2.41}{\376\377\0007\000.\0002\0004\000.\0002\000.\0004\0001\000\040\000r\000a\000n\000d\000o\000m\000A\000d\000d\000F\000i\000l\000l\000\050\000\051}{subsection.7.24.2}% 590
\BOOKMARK [3][-]{subsubsection.7.24.2.42}{\376\377\0007\000.\0002\0004\000.\0002\000.\0004\0002\000\040\000r\000a\000n\000d\000o\000m\000B\000o\000o\000l\000A\000d\000d\000F\000i\000l\000l\000\050\000\051}{subsection.7.24.2}% 591
\BOOKMARK [3][-]{subsubsection.7.24.2.43}{\376\377\0007\000.\0002\0004\000.\0002\000.\0004\0003\000\040\000r\000a\000n\000d\000o\000m\000B\000o\000o\000l\000F\000i\000l\000l\000\050\000\051}{subsection.7.24.2}% 592
\BOOKMARK [3][-]{subsubsection.7.24.2.44}{\376\377\0007\000.\0002\0004\000.\0002\000.\0004\0004\000\040\000r\000e\000s\000i\000z\000e\000\050\000\051\000\040\000[\0001\000/\0004\000]}{subsection.7.24.2}% 593
\BOOKMARK [3][-]{subsubsection.7.24.2.45}{\376\377\0007\000.\0002\0004\000.\0002\000.\0004\0005\000\040\000r\000e\000s\000i\000z\000e\000\050\000\051\000\040\000[\0002\000/\0004\000]}{subsection.7.24.2}% 594
\BOOKMARK [3][-]{subsubsection.7.24.2.46}{\376\377\0007\000.\0002\0004\000.\0002\000.\0004\0006\000\040\000r\000e\000s\000i\000z\000e\000\050\000\051\000\040\000[\0003\000/\0004\000]}{subsection.7.24.2}% 595
\BOOKMARK [3][-]{subsubsection.7.24.2.47}{\376\377\0007\000.\0002\0004\000.\0002\000.\0004\0007\000\040\000r\000e\000s\000i\000z\000e\000\050\000\051\000\040\000[\0004\000/\0004\000]}{subsection.7.24.2}% 596
\BOOKMARK [3][-]{subsubsection.7.24.2.48}{\376\377\0007\000.\0002\0004\000.\0002\000.\0004\0008\000\040\000s\000c\000a\000l\000e\000\050\000\051}{subsection.7.24.2}% 597
\BOOKMARK [3][-]{subsubsection.7.24.2.49}{\376\377\0007\000.\0002\0004\000.\0002\000.\0004\0009\000\040\000s\000i\000z\000e\000\050\000\051\000\040\000[\0001\000/\0002\000]}{subsection.7.24.2}% 598
\BOOKMARK [3][-]{subsubsection.7.24.2.50}{\376\377\0007\000.\0002\0004\000.\0002\000.\0005\0000\000\040\000s\000i\000z\000e\000\050\000\051\000\040\000[\0002\000/\0002\000]}{subsection.7.24.2}% 599
\BOOKMARK [2][-]{subsection.7.24.3}{\376\377\0007\000.\0002\0004\000.\0003\000\040\000M\000e\000m\000b\000e\000r\000\040\000D\000a\000t\000a\000\040\000D\000o\000c\000u\000m\000e\000n\000t\000a\000t\000i\000o\000n}{section.7.24}% 600
\BOOKMARK [3][-]{subsubsection.7.24.3.1}{\376\377\0007\000.\0002\0004\000.\0003\000.\0001\000\040\000\137\000v\000a\000r\000s}{subsection.7.24.3}% 601
\BOOKMARK [1][-]{section.7.25}{\376\377\0007\000.\0002\0005\000\040\000R\000i\000n\000e\000g\000i\000n\000e\000:\000:\000K\000e\000r\000n\000e\000l\000:\000:\000R\000G\000\137\000W\000M\000a\000p\000<\000\040\000t\000y\000p\000e\000\040\000>\000\040\000C\000l\000a\000s\000s\000\040\000T\000e\000m\000p\000l\000a\000t\000e\000\040\000R\000e\000f\000e\000r\000e\000n\000c\000e}{chapter.7}% 602
\BOOKMARK [2][-]{subsection.7.25.1}{\376\377\0007\000.\0002\0005\000.\0001\000\040\000C\000o\000n\000s\000t\000r\000u\000c\000t\000o\000r\000\040\000\046\000\040\000D\000e\000s\000t\000r\000u\000c\000t\000o\000r\000\040\000D\000o\000c\000u\000m\000e\000n\000t\000a\000t\000i\000o\000n}{section.7.25}% 603
\BOOKMARK [3][-]{subsubsection.7.25.1.1}{\376\377\0007\000.\0002\0005\000.\0001\000.\0001\000\040\000R\000G\000\137\000W\000M\000a\000p\000\050\000\051\000\040\000[\0001\000/\0006\000]}{subsection.7.25.1}% 604
\BOOKMARK [3][-]{subsubsection.7.25.1.2}{\376\377\0007\000.\0002\0005\000.\0001\000.\0002\000\040\000R\000G\000\137\000W\000M\000a\000p\000\050\000\051\000\040\000[\0002\000/\0006\000]}{subsection.7.25.1}% 605
\BOOKMARK [3][-]{subsubsection.7.25.1.3}{\376\377\0007\000.\0002\0005\000.\0001\000.\0003\000\040\000R\000G\000\137\000W\000M\000a\000p\000\050\000\051\000\040\000[\0003\000/\0006\000]}{subsection.7.25.1}% 606
\BOOKMARK [3][-]{subsubsection.7.25.1.4}{\376\377\0007\000.\0002\0005\000.\0001\000.\0004\000\040\000R\000G\000\137\000W\000M\000a\000p\000\050\000\051\000\040\000[\0004\000/\0006\000]}{subsection.7.25.1}% 607
\BOOKMARK [3][-]{subsubsection.7.25.1.5}{\376\377\0007\000.\0002\0005\000.\0001\000.\0005\000\040\000R\000G\000\137\000W\000M\000a\000p\000\050\000\051\000\040\000[\0005\000/\0006\000]}{subsection.7.25.1}% 608
\BOOKMARK [3][-]{subsubsection.7.25.1.6}{\376\377\0007\000.\0002\0005\000.\0001\000.\0006\000\040\000R\000G\000\137\000W\000M\000a\000p\000\050\000\051\000\040\000[\0006\000/\0006\000]}{subsection.7.25.1}% 609
\BOOKMARK [3][-]{subsubsection.7.25.1.7}{\376\377\0007\000.\0002\0005\000.\0001\000.\0007\000\040\000~\000R\000G\000\137\000W\000M\000a\000p\000\050\000\051}{subsection.7.25.1}% 610
\BOOKMARK [2][-]{subsection.7.25.2}{\376\377\0007\000.\0002\0005\000.\0002\000\040\000M\000e\000m\000b\000e\000r\000\040\000F\000u\000n\000c\000t\000i\000o\000n\000\040\000D\000o\000c\000u\000m\000e\000n\000t\000a\000t\000i\000o\000n}{section.7.25}% 611
\BOOKMARK [3][-]{subsubsection.7.25.2.1}{\376\377\0007\000.\0002\0005\000.\0002\000.\0001\000\040\000c\000l\000e\000a\000r\000\050\000\051}{subsection.7.25.2}% 612
\BOOKMARK [3][-]{subsubsection.7.25.2.2}{\376\377\0007\000.\0002\0005\000.\0002\000.\0002\000\040\000f\000i\000l\000l\000\050\000\051\000\040\000[\0001\000/\0005\000]}{subsection.7.25.2}% 613
\BOOKMARK [3][-]{subsubsection.7.25.2.3}{\376\377\0007\000.\0002\0005\000.\0002\000.\0003\000\040\000f\000i\000l\000l\000\050\000\051\000\040\000[\0002\000/\0005\000]}{subsection.7.25.2}% 614
\BOOKMARK [3][-]{subsubsection.7.25.2.4}{\376\377\0007\000.\0002\0005\000.\0002\000.\0004\000\040\000f\000i\000l\000l\000\050\000\051\000\040\000[\0003\000/\0005\000]}{subsection.7.25.2}% 615
\BOOKMARK [3][-]{subsubsection.7.25.2.5}{\376\377\0007\000.\0002\0005\000.\0002\000.\0005\000\040\000f\000i\000l\000l\000\050\000\051\000\040\000[\0004\000/\0005\000]}{subsection.7.25.2}% 616
\BOOKMARK [3][-]{subsubsection.7.25.2.6}{\376\377\0007\000.\0002\0005\000.\0002\000.\0006\000\040\000f\000i\000l\000l\000\050\000\051\000\040\000[\0005\000/\0005\000]}{subsection.7.25.2}% 617
\BOOKMARK [3][-]{subsubsection.7.25.2.7}{\376\377\0007\000.\0002\0005\000.\0002\000.\0007\000\040\000f\000i\000n\000d\000\050\000\051\000\040\000[\0001\000/\0002\000]}{subsection.7.25.2}% 618
\BOOKMARK [3][-]{subsubsection.7.25.2.8}{\376\377\0007\000.\0002\0005\000.\0002\000.\0008\000\040\000f\000i\000n\000d\000\050\000\051\000\040\000[\0002\000/\0002\000]}{subsection.7.25.2}% 619
\BOOKMARK [3][-]{subsubsection.7.25.2.9}{\376\377\0007\000.\0002\0005\000.\0002\000.\0009\000\040\000f\000i\000n\000d\000c\000h\000a\000r\000\050\000\051}{subsection.7.25.2}% 620
\BOOKMARK [3][-]{subsubsection.7.25.2.10}{\376\377\0007\000.\0002\0005\000.\0002\000.\0001\0000\000\040\000f\000i\000n\000d\000p\000o\000s\000\050\000\051}{subsection.7.25.2}% 621
\BOOKMARK [3][-]{subsubsection.7.25.2.11}{\376\377\0007\000.\0002\0005\000.\0002\000.\0001\0001\000\040\000f\000i\000n\000d\000s\000t\000r\000i\000n\000g\000\050\000\051}{subsection.7.25.2}% 622
\BOOKMARK [3][-]{subsubsection.7.25.2.12}{\376\377\0007\000.\0002\0005\000.\0002\000.\0001\0002\000\040\000g\000e\000t\000\137\000a\000r\000r\000\050\000\051}{subsection.7.25.2}% 623
\BOOKMARK [3][-]{subsubsection.7.25.2.13}{\376\377\0007\000.\0002\0005\000.\0002\000.\0001\0003\000\040\000g\000e\000t\000\137\000r\000g\000a\000r\000r\000\050\000\051}{subsection.7.25.2}% 624
\BOOKMARK [3][-]{subsubsection.7.25.2.14}{\376\377\0007\000.\0002\0005\000.\0002\000.\0001\0004\000\040\000i\000n\000i\000t\000\050\000\051\000\040\000[\0001\000/\0005\000]}{subsection.7.25.2}% 625
\BOOKMARK [3][-]{subsubsection.7.25.2.15}{\376\377\0007\000.\0002\0005\000.\0002\000.\0001\0005\000\040\000i\000n\000i\000t\000\050\000\051\000\040\000[\0002\000/\0005\000]}{subsection.7.25.2}% 626
\BOOKMARK [3][-]{subsubsection.7.25.2.16}{\376\377\0007\000.\0002\0005\000.\0002\000.\0001\0006\000\040\000i\000n\000i\000t\000\050\000\051\000\040\000[\0003\000/\0005\000]}{subsection.7.25.2}% 627
\BOOKMARK [3][-]{subsubsection.7.25.2.17}{\376\377\0007\000.\0002\0005\000.\0002\000.\0001\0007\000\040\000i\000n\000i\000t\000\050\000\051\000\040\000[\0004\000/\0005\000]}{subsection.7.25.2}% 628
\BOOKMARK [3][-]{subsubsection.7.25.2.18}{\376\377\0007\000.\0002\0005\000.\0002\000.\0001\0008\000\040\000i\000n\000i\000t\000\050\000\051\000\040\000[\0005\000/\0005\000]}{subsection.7.25.2}% 629
\BOOKMARK [3][-]{subsubsection.7.25.2.19}{\376\377\0007\000.\0002\0005\000.\0002\000.\0001\0009\000\040\000o\000p\000e\000r\000a\000t\000o\000r\000[\000]\000\050\000\051\000\040\000[\0001\000/\0002\000]}{subsection.7.25.2}% 630
\BOOKMARK [3][-]{subsubsection.7.25.2.20}{\376\377\0007\000.\0002\0005\000.\0002\000.\0002\0000\000\040\000o\000p\000e\000r\000a\000t\000o\000r\000[\000]\000\050\000\051\000\040\000[\0002\000/\0002\000]}{subsection.7.25.2}% 631
\BOOKMARK [3][-]{subsubsection.7.25.2.21}{\376\377\0007\000.\0002\0005\000.\0002\000.\0002\0001\000\040\000p\000u\000s\000h\000\137\000b\000a\000c\000k\000\050\000\051}{subsection.7.25.2}% 632
\BOOKMARK [3][-]{subsubsection.7.25.2.22}{\376\377\0007\000.\0002\0005\000.\0002\000.\0002\0002\000\040\000r\000e\000s\000i\000z\000e\000\050\000\051}{subsection.7.25.2}% 633
\BOOKMARK [3][-]{subsubsection.7.25.2.23}{\376\377\0007\000.\0002\0005\000.\0002\000.\0002\0003\000\040\000r\000e\000v\000s\000o\000r\000t\000\050\000\051}{subsection.7.25.2}% 634
\BOOKMARK [3][-]{subsubsection.7.25.2.24}{\376\377\0007\000.\0002\0005\000.\0002\000.\0002\0004\000\040\000s\000i\000z\000e\000\050\000\051}{subsection.7.25.2}% 635
\BOOKMARK [3][-]{subsubsection.7.25.2.25}{\376\377\0007\000.\0002\0005\000.\0002\000.\0002\0005\000\040\000s\000o\000r\000t\000\050\000\051}{subsection.7.25.2}% 636
\BOOKMARK [1][-]{section.7.26}{\376\377\0007\000.\0002\0006\000\040\000R\000i\000n\000e\000g\000i\000n\000e\000:\000:\000K\000e\000r\000n\000e\000l\000:\000:\000S\000y\000s\000T\000i\000m\000e\000\040\000C\000l\000a\000s\000s\000\040\000R\000e\000f\000e\000r\000e\000n\000c\000e}{chapter.7}% 637
\BOOKMARK [2][-]{subsection.7.26.1}{\376\377\0007\000.\0002\0006\000.\0001\000\040\000M\000e\000m\000b\000e\000r\000\040\000F\000u\000n\000c\000t\000i\000o\000n\000\040\000D\000o\000c\000u\000m\000e\000n\000t\000a\000t\000i\000o\000n}{section.7.26}% 638
\BOOKMARK [3][-]{subsubsection.7.26.1.1}{\376\377\0007\000.\0002\0006\000.\0001\000.\0001\000\040\000D\000a\000y\000\050\000\051}{subsection.7.26.1}% 639
\BOOKMARK [3][-]{subsubsection.7.26.1.2}{\376\377\0007\000.\0002\0006\000.\0001\000.\0002\000\040\000D\000a\000y\000A\000\050\000\051}{subsection.7.26.1}% 640
\BOOKMARK [3][-]{subsubsection.7.26.1.3}{\376\377\0007\000.\0002\0006\000.\0001\000.\0003\000\040\000D\000a\000y\000O\000f\000W\000e\000e\000k\000\050\000\051}{subsection.7.26.1}% 641
\BOOKMARK [3][-]{subsubsection.7.26.1.4}{\376\377\0007\000.\0002\0006\000.\0001\000.\0004\000\040\000D\000a\000y\000O\000f\000W\000e\000e\000k\000A\000\050\000\051}{subsection.7.26.1}% 642
\BOOKMARK [3][-]{subsubsection.7.26.1.5}{\376\377\0007\000.\0002\0006\000.\0001\000.\0005\000\040\000D\000a\000y\000O\000f\000W\000e\000e\000k\000W\000\050\000\051}{subsection.7.26.1}% 643
\BOOKMARK [3][-]{subsubsection.7.26.1.6}{\376\377\0007\000.\0002\0006\000.\0001\000.\0006\000\040\000D\000a\000y\000W\000\050\000\051}{subsection.7.26.1}% 644
\BOOKMARK [3][-]{subsubsection.7.26.1.7}{\376\377\0007\000.\0002\0006\000.\0001\000.\0007\000\040\000H\000o\000u\000r\000\050\000\051}{subsection.7.26.1}% 645
\BOOKMARK [3][-]{subsubsection.7.26.1.8}{\376\377\0007\000.\0002\0006\000.\0001\000.\0008\000\040\000H\000o\000u\000r\000A\000\050\000\051}{subsection.7.26.1}% 646
\BOOKMARK [3][-]{subsubsection.7.26.1.9}{\376\377\0007\000.\0002\0006\000.\0001\000.\0009\000\040\000H\000o\000u\000r\000W\000\050\000\051}{subsection.7.26.1}% 647
\BOOKMARK [3][-]{subsubsection.7.26.1.10}{\376\377\0007\000.\0002\0006\000.\0001\000.\0001\0000\000\040\000M\000i\000l\000l\000i\000s\000e\000c\000o\000n\000d\000s\000\050\000\051}{subsection.7.26.1}% 648
\BOOKMARK [3][-]{subsubsection.7.26.1.11}{\376\377\0007\000.\0002\0006\000.\0001\000.\0001\0001\000\040\000M\000i\000l\000l\000i\000s\000e\000c\000o\000n\000d\000s\000A\000\050\000\051}{subsection.7.26.1}% 649
\BOOKMARK [3][-]{subsubsection.7.26.1.12}{\376\377\0007\000.\0002\0006\000.\0001\000.\0001\0002\000\040\000M\000i\000l\000l\000i\000s\000e\000c\000o\000n\000d\000s\000W\000\050\000\051}{subsection.7.26.1}% 650
\BOOKMARK [3][-]{subsubsection.7.26.1.13}{\376\377\0007\000.\0002\0006\000.\0001\000.\0001\0003\000\040\000M\000i\000n\000u\000t\000e\000\050\000\051}{subsection.7.26.1}% 651
\BOOKMARK [3][-]{subsubsection.7.26.1.14}{\376\377\0007\000.\0002\0006\000.\0001\000.\0001\0004\000\040\000M\000i\000n\000u\000t\000e\000A\000\050\000\051}{subsection.7.26.1}% 652
\BOOKMARK [3][-]{subsubsection.7.26.1.15}{\376\377\0007\000.\0002\0006\000.\0001\000.\0001\0005\000\040\000M\000i\000n\000u\000t\000e\000W\000\050\000\051}{subsection.7.26.1}% 653
\BOOKMARK [3][-]{subsubsection.7.26.1.16}{\376\377\0007\000.\0002\0006\000.\0001\000.\0001\0006\000\040\000M\000o\000n\000t\000h\000\050\000\051}{subsection.7.26.1}% 654
\BOOKMARK [3][-]{subsubsection.7.26.1.17}{\376\377\0007\000.\0002\0006\000.\0001\000.\0001\0007\000\040\000M\000o\000n\000t\000h\000A\000\050\000\051}{subsection.7.26.1}% 655
\BOOKMARK [3][-]{subsubsection.7.26.1.18}{\376\377\0007\000.\0002\0006\000.\0001\000.\0001\0008\000\040\000M\000o\000n\000t\000h\000W\000\050\000\051}{subsection.7.26.1}% 656
\BOOKMARK [3][-]{subsubsection.7.26.1.19}{\376\377\0007\000.\0002\0006\000.\0001\000.\0001\0009\000\040\000S\000e\000c\000o\000n\000d\000\050\000\051}{subsection.7.26.1}% 657
\BOOKMARK [3][-]{subsubsection.7.26.1.20}{\376\377\0007\000.\0002\0006\000.\0001\000.\0002\0000\000\040\000S\000e\000c\000o\000n\000d\000A\000\050\000\051}{subsection.7.26.1}% 658
\BOOKMARK [3][-]{subsubsection.7.26.1.21}{\376\377\0007\000.\0002\0006\000.\0001\000.\0002\0001\000\040\000S\000e\000c\000o\000n\000d\000W\000\050\000\051}{subsection.7.26.1}% 659
\BOOKMARK [3][-]{subsubsection.7.26.1.22}{\376\377\0007\000.\0002\0006\000.\0001\000.\0002\0002\000\040\000u\000p\000d\000a\000t\000e\000\050\000\051}{subsection.7.26.1}% 660
\BOOKMARK [3][-]{subsubsection.7.26.1.23}{\376\377\0007\000.\0002\0006\000.\0001\000.\0002\0003\000\040\000Y\000e\000a\000r\000\050\000\051}{subsection.7.26.1}% 661
\BOOKMARK [3][-]{subsubsection.7.26.1.24}{\376\377\0007\000.\0002\0006\000.\0001\000.\0002\0004\000\040\000Y\000e\000a\000r\000A\000\050\000\051}{subsection.7.26.1}% 662
\BOOKMARK [3][-]{subsubsection.7.26.1.25}{\376\377\0007\000.\0002\0006\000.\0001\000.\0002\0005\000\040\000Y\000e\000a\000r\000W\000\050\000\051}{subsection.7.26.1}% 663
\BOOKMARK [2][-]{subsection.7.26.2}{\376\377\0007\000.\0002\0006\000.\0002\000\040\000M\000e\000m\000b\000e\000r\000\040\000D\000a\000t\000a\000\040\000D\000o\000c\000u\000m\000e\000n\000t\000a\000t\000i\000o\000n}{section.7.26}% 664
\BOOKMARK [3][-]{subsubsection.7.26.2.1}{\376\377\0007\000.\0002\0006\000.\0002\000.\0001\000\040\000\137\000v\000a\000r\000s}{subsection.7.26.2}% 665
\BOOKMARK [1][-]{section.7.27}{\376\377\0007\000.\0002\0007\000\040\000R\000i\000n\000e\000g\000i\000n\000e\000:\000:\000K\000e\000r\000n\000e\000l\000:\000:\000S\000y\000s\000T\000i\000m\000e\000:\000:\000S\000y\000s\000T\000i\000m\000e\000V\000a\000r\000\040\000S\000t\000r\000u\000c\000t\000\040\000R\000e\000f\000e\000r\000e\000n\000c\000e}{chapter.7}% 666
\BOOKMARK [2][-]{subsection.7.27.1}{\376\377\0007\000.\0002\0007\000.\0001\000\040\000D\000e\000t\000a\000i\000l\000e\000d\000\040\000D\000e\000s\000c\000r\000i\000p\000t\000i\000o\000n}{section.7.27}% 667
\BOOKMARK [2][-]{subsection.7.27.2}{\376\377\0007\000.\0002\0007\000.\0002\000\040\000M\000e\000m\000b\000e\000r\000\040\000D\000a\000t\000a\000\040\000D\000o\000c\000u\000m\000e\000n\000t\000a\000t\000i\000o\000n}{section.7.27}% 668
\BOOKMARK [3][-]{subsubsection.7.27.2.1}{\376\377\0007\000.\0002\0007\000.\0002\000.\0001\000\040\000S\000y\000s\000t\000e\000m\000T\000i\000m\000e}{subsection.7.27.2}% 669
\BOOKMARK [1][-]{section.7.28}{\376\377\0007\000.\0002\0008\000\040\000R\000i\000n\000e\000g\000i\000n\000e\000:\000:\000K\000e\000r\000n\000e\000l\000:\000:\000v\000e\000c\0002\000<\000\040\000t\000y\000p\000e\000\040\000>\000\040\000S\000t\000r\000u\000c\000t\000\040\000T\000e\000m\000p\000l\000a\000t\000e\000\040\000R\000e\000f\000e\000r\000e\000n\000c\000e}{chapter.7}% 670
\BOOKMARK [2][-]{subsection.7.28.1}{\376\377\0007\000.\0002\0008\000.\0001\000\040\000M\000e\000m\000b\000e\000r\000\040\000F\000u\000n\000c\000t\000i\000o\000n\000\040\000D\000o\000c\000u\000m\000e\000n\000t\000a\000t\000i\000o\000n}{section.7.28}% 671
\BOOKMARK [3][-]{subsubsection.7.28.1.1}{\376\377\0007\000.\0002\0008\000.\0001\000.\0001\000\040\000o\000p\000e\000r\000a\000t\000o\000r\000*\000\050\000\051\000\040\000[\0001\000/\0002\000]}{subsection.7.28.1}% 672
\BOOKMARK [3][-]{subsubsection.7.28.1.2}{\376\377\0007\000.\0002\0008\000.\0001\000.\0002\000\040\000o\000p\000e\000r\000a\000t\000o\000r\000*\000\050\000\051\000\040\000[\0002\000/\0002\000]}{subsection.7.28.1}% 673
\BOOKMARK [3][-]{subsubsection.7.28.1.3}{\376\377\0007\000.\0002\0008\000.\0001\000.\0003\000\040\000o\000p\000e\000r\000a\000t\000o\000r\000=\000\050\000\051}{subsection.7.28.1}% 674
\BOOKMARK [3][-]{subsubsection.7.28.1.4}{\376\377\0007\000.\0002\0008\000.\0001\000.\0004\000\040\000o\000p\000e\000r\000a\000t\000o\000r\000[\000]\000\050\000\051}{subsection.7.28.1}% 675
\BOOKMARK [1][-]{section.7.29}{\376\377\0007\000.\0002\0009\000\040\000R\000i\000n\000e\000g\000i\000n\000e\000:\000:\000K\000e\000r\000n\000e\000l\000:\000:\000v\000e\000c\0003\000<\000\040\000t\000y\000p\000e\000\040\000>\000\040\000S\000t\000r\000u\000c\000t\000\040\000T\000e\000m\000p\000l\000a\000t\000e\000\040\000R\000e\000f\000e\000r\000e\000n\000c\000e}{chapter.7}% 676
\BOOKMARK [2][-]{subsection.7.29.1}{\376\377\0007\000.\0002\0009\000.\0001\000\040\000M\000e\000m\000b\000e\000r\000\040\000F\000u\000n\000c\000t\000i\000o\000n\000\040\000D\000o\000c\000u\000m\000e\000n\000t\000a\000t\000i\000o\000n}{section.7.29}% 677
\BOOKMARK [3][-]{subsubsection.7.29.1.1}{\376\377\0007\000.\0002\0009\000.\0001\000.\0001\000\040\000o\000p\000e\000r\000a\000t\000o\000r\000*\000\050\000\051\000\040\000[\0001\000/\0002\000]}{subsection.7.29.1}% 678
\BOOKMARK [3][-]{subsubsection.7.29.1.2}{\376\377\0007\000.\0002\0009\000.\0001\000.\0002\000\040\000o\000p\000e\000r\000a\000t\000o\000r\000*\000\050\000\051\000\040\000[\0002\000/\0002\000]}{subsection.7.29.1}% 679
\BOOKMARK [3][-]{subsubsection.7.29.1.3}{\376\377\0007\000.\0002\0009\000.\0001\000.\0003\000\040\000o\000p\000e\000r\000a\000t\000o\000r\000+\000\050\000\051\000\040\000[\0001\000/\0002\000]}{subsection.7.29.1}% 680
\BOOKMARK [3][-]{subsubsection.7.29.1.4}{\376\377\0007\000.\0002\0009\000.\0001\000.\0004\000\040\000o\000p\000e\000r\000a\000t\000o\000r\000+\000\050\000\051\000\040\000[\0002\000/\0002\000]}{subsection.7.29.1}% 681
\BOOKMARK [3][-]{subsubsection.7.29.1.5}{\376\377\0007\000.\0002\0009\000.\0001\000.\0005\000\040\000o\000p\000e\000r\000a\000t\000o\000r\000+\000=\000\050\000\051}{subsection.7.29.1}% 682
\BOOKMARK [3][-]{subsubsection.7.29.1.6}{\376\377\0007\000.\0002\0009\000.\0001\000.\0006\000\040\000o\000p\000e\000r\000a\000t\000o\000r\000-\000\050\000\051\000\040\000[\0001\000/\0002\000]}{subsection.7.29.1}% 683
\BOOKMARK [3][-]{subsubsection.7.29.1.7}{\376\377\0007\000.\0002\0009\000.\0001\000.\0007\000\040\000o\000p\000e\000r\000a\000t\000o\000r\000-\000\050\000\051\000\040\000[\0002\000/\0002\000]}{subsection.7.29.1}% 684
\BOOKMARK [3][-]{subsubsection.7.29.1.8}{\376\377\0007\000.\0002\0009\000.\0001\000.\0008\000\040\000o\000p\000e\000r\000a\000t\000o\000r\000=\000\050\000\051\000\040\000[\0001\000/\0003\000]}{subsection.7.29.1}% 685
\BOOKMARK [3][-]{subsubsection.7.29.1.9}{\376\377\0007\000.\0002\0009\000.\0001\000.\0009\000\040\000o\000p\000e\000r\000a\000t\000o\000r\000=\000\050\000\051\000\040\000[\0002\000/\0003\000]}{subsection.7.29.1}% 686
\BOOKMARK [3][-]{subsubsection.7.29.1.10}{\376\377\0007\000.\0002\0009\000.\0001\000.\0001\0000\000\040\000o\000p\000e\000r\000a\000t\000o\000r\000=\000\050\000\051\000\040\000[\0003\000/\0003\000]}{subsection.7.29.1}% 687
\BOOKMARK [3][-]{subsubsection.7.29.1.11}{\376\377\0007\000.\0002\0009\000.\0001\000.\0001\0001\000\040\000o\000p\000e\000r\000a\000t\000o\000r\000[\000]\000\050\000\051}{subsection.7.29.1}% 688
\BOOKMARK [1][-]{section.7.30}{\376\377\0007\000.\0003\0000\000\040\000R\000i\000n\000e\000g\000i\000n\000e\000:\000:\000K\000e\000r\000n\000e\000l\000:\000:\000v\000e\000c\0004\000<\000\040\000t\000y\000p\000e\000\040\000>\000\040\000S\000t\000r\000u\000c\000t\000\040\000T\000e\000m\000p\000l\000a\000t\000e\000\040\000R\000e\000f\000e\000r\000e\000n\000c\000e}{chapter.7}% 689
\BOOKMARK [2][-]{subsection.7.30.1}{\376\377\0007\000.\0003\0000\000.\0001\000\040\000M\000e\000m\000b\000e\000r\000\040\000F\000u\000n\000c\000t\000i\000o\000n\000\040\000D\000o\000c\000u\000m\000e\000n\000t\000a\000t\000i\000o\000n}{section.7.30}% 690
\BOOKMARK [3][-]{subsubsection.7.30.1.1}{\376\377\0007\000.\0003\0000\000.\0001\000.\0001\000\040\000o\000p\000e\000r\000a\000t\000o\000r\000*\000\050\000\051}{subsection.7.30.1}% 691
\BOOKMARK [3][-]{subsubsection.7.30.1.2}{\376\377\0007\000.\0003\0000\000.\0001\000.\0002\000\040\000o\000p\000e\000r\000a\000t\000o\000r\000=\000\050\000\051\000\040\000[\0001\000/\0005\000]}{subsection.7.30.1}% 692
\BOOKMARK [3][-]{subsubsection.7.30.1.3}{\376\377\0007\000.\0003\0000\000.\0001\000.\0003\000\040\000o\000p\000e\000r\000a\000t\000o\000r\000=\000\050\000\051\000\040\000[\0002\000/\0005\000]}{subsection.7.30.1}% 693
\BOOKMARK [3][-]{subsubsection.7.30.1.4}{\376\377\0007\000.\0003\0000\000.\0001\000.\0004\000\040\000o\000p\000e\000r\000a\000t\000o\000r\000=\000\050\000\051\000\040\000[\0003\000/\0005\000]}{subsection.7.30.1}% 694
\BOOKMARK [3][-]{subsubsection.7.30.1.5}{\376\377\0007\000.\0003\0000\000.\0001\000.\0005\000\040\000o\000p\000e\000r\000a\000t\000o\000r\000=\000\050\000\051\000\040\000[\0004\000/\0005\000]}{subsection.7.30.1}% 695
\BOOKMARK [3][-]{subsubsection.7.30.1.6}{\376\377\0007\000.\0003\0000\000.\0001\000.\0006\000\040\000o\000p\000e\000r\000a\000t\000o\000r\000=\000\050\000\051\000\040\000[\0005\000/\0005\000]}{subsection.7.30.1}% 696
\BOOKMARK [3][-]{subsubsection.7.30.1.7}{\376\377\0007\000.\0003\0000\000.\0001\000.\0007\000\040\000o\000p\000e\000r\000a\000t\000o\000r\000[\000]\000\050\000\051}{subsection.7.30.1}% 697
\BOOKMARK [0][-]{chapter.8}{\376\377\0008\000\040\000F\000i\000l\000e\000\040\000D\000o\000c\000u\000m\000e\000n\000t\000a\000t\000i\000o\000n}{}% 698
\BOOKMARK [1][-]{section.8.1}{\376\377\0008\000.\0001\000\040\000m\000o\000d\000u\000l\000e\000s\000/\000i\000n\000c\000l\000u\000d\000e\000/\000A\000d\000d\000o\000n\000s\000.\000h\000\040\000F\000i\000l\000e\000\040\000R\000e\000f\000e\000r\000e\000n\000c\000e}{chapter.8}% 699
\BOOKMARK [1][-]{section.8.2}{\376\377\0008\000.\0002\000\040\000A\000d\000d\000o\000n\000s\000.\000h}{chapter.8}% 700
\BOOKMARK [1][-]{section.8.3}{\376\377\0008\000.\0003\000\040\000m\000o\000d\000u\000l\000e\000s\000/\000i\000n\000c\000l\000u\000d\000e\000/\000A\000u\000d\000i\000o\000.\000h\000\040\000F\000i\000l\000e\000\040\000R\000e\000f\000e\000r\000e\000n\000c\000e}{chapter.8}% 701
\BOOKMARK [1][-]{section.8.4}{\376\377\0008\000.\0004\000\040\000A\000u\000d\000i\000o\000.\000h}{chapter.8}% 702
\BOOKMARK [1][-]{section.8.5}{\376\377\0008\000.\0005\000\040\000m\000o\000d\000u\000l\000e\000s\000/\000i\000n\000c\000l\000u\000d\000e\000/\000G\000r\000a\000p\000h\000i\000c\000s\000.\000h\000\040\000F\000i\000l\000e\000\040\000R\000e\000f\000e\000r\000e\000n\000c\000e}{chapter.8}% 703
\BOOKMARK [1][-]{section.8.6}{\376\377\0008\000.\0006\000\040\000G\000r\000a\000p\000h\000i\000c\000s\000.\000h}{chapter.8}% 704
\BOOKMARK [1][-]{section.8.7}{\376\377\0008\000.\0007\000\040\000m\000o\000d\000u\000l\000e\000s\000/\000i\000n\000c\000l\000u\000d\000e\000/\000K\000e\000r\000n\000e\000l\000.\000h\000\040\000F\000i\000l\000e\000\040\000R\000e\000f\000e\000r\000e\000n\000c\000e}{chapter.8}% 705
\BOOKMARK [1][-]{section.8.8}{\376\377\0008\000.\0008\000\040\000K\000e\000r\000n\000e\000l\000.\000h}{chapter.8}% 706
\BOOKMARK [1][-]{section.8.9}{\376\377\0008\000.\0009\000\040\000m\000o\000d\000u\000l\000e\000s\000/\000i\000n\000c\000l\000u\000d\000e\000/\000K\000e\000r\000n\000e\000l\000/\000i\000n\000t\000e\000r\000P\000o\000i\000n\000t\000.\000h\000\040\000F\000i\000l\000e\000\040\000R\000e\000f\000e\000r\000e\000n\000c\000e}{chapter.8}% 707
\BOOKMARK [2][-]{subsection.8.9.1}{\376\377\0008\000.\0009\000.\0001\000\040\000F\000u\000n\000c\000t\000i\000o\000n\000\040\000D\000o\000c\000u\000m\000e\000n\000t\000a\000t\000i\000o\000n}{section.8.9}% 708
\BOOKMARK [3][-]{subsubsection.8.9.1.1}{\376\377\0008\000.\0009\000.\0001\000.\0001\000\040\000m\000a\000i\000n\000\050\000\051}{subsection.8.9.1}% 709
\BOOKMARK [3][-]{subsubsection.8.9.1.2}{\376\377\0008\000.\0009\000.\0001\000.\0002\000\040\000r\000g\000\137\000m\000a\000i\000n\000\050\000\051}{subsection.8.9.1}% 710
\BOOKMARK [1][-]{section.8.10}{\376\377\0008\000.\0001\0000\000\040\000i\000n\000t\000e\000r\000P\000o\000i\000n\000t\000.\000h}{chapter.8}% 711
\BOOKMARK [1][-]{section.8.11}{\376\377\0008\000.\0001\0001\000\040\000m\000o\000d\000u\000l\000e\000s\000/\000i\000n\000c\000l\000u\000d\000e\000/\000K\000e\000r\000n\000e\000l\000/\000o\000t\000h\000e\000r\000\137\000d\000e\000f\000i\000n\000e\000.\000h\000\040\000F\000i\000l\000e\000\040\000R\000e\000f\000e\000r\000e\000n\000c\000e}{chapter.8}% 712
\BOOKMARK [2][-]{subsection.8.11.1}{\376\377\0008\000.\0001\0001\000.\0001\000\040\000M\000a\000c\000r\000o\000\040\000D\000e\000f\000i\000n\000i\000t\000i\000o\000n\000\040\000D\000o\000c\000u\000m\000e\000n\000t\000a\000t\000i\000o\000n}{section.8.11}% 713
\BOOKMARK [3][-]{subsubsection.8.11.1.1}{\376\377\0008\000.\0001\0001\000.\0001\000.\0001\000\040\000R\000G\000\137\000C\000A\000T\000C\000H\000\137\000E\000R\000R\000O\000R}{subsection.8.11.1}% 714
\BOOKMARK [3][-]{subsubsection.8.11.1.2}{\376\377\0008\000.\0001\0001\000.\0001\000.\0002\000\040\000R\000G\000\137\000E\000R\000R\000O\000R\000\137\000L\000O\000G}{subsection.8.11.1}% 715
\BOOKMARK [1][-]{section.8.12}{\376\377\0008\000.\0001\0002\000\040\000o\000t\000h\000e\000r\000\137\000d\000e\000f\000i\000n\000e\000.\000h}{chapter.8}% 716
\BOOKMARK [1][-]{section.8.13}{\376\377\0008\000.\0001\0003\000\040\000m\000o\000d\000u\000l\000e\000s\000/\000i\000n\000c\000l\000u\000d\000e\000/\000N\000e\000t\000.\000h\000\040\000F\000i\000l\000e\000\040\000R\000e\000f\000e\000r\000e\000n\000c\000e}{chapter.8}% 717
\BOOKMARK [1][-]{section.8.14}{\376\377\0008\000.\0001\0004\000\040\000N\000e\000t\000.\000h}{chapter.8}% 718
\BOOKMARK [1][-]{section.8.15}{\376\377\0008\000.\0001\0005\000\040\000m\000o\000d\000u\000l\000e\000s\000/\000i\000n\000c\000l\000u\000d\000e\000/\000N\000e\000u\000r\000a\000l\000.\000h\000\040\000F\000i\000l\000e\000\040\000R\000e\000f\000e\000r\000e\000n\000c\000e}{chapter.8}% 719
\BOOKMARK [1][-]{section.8.16}{\376\377\0008\000.\0001\0006\000\040\000N\000e\000u\000r\000a\000l\000.\000h}{chapter.8}% 720
\BOOKMARK [1][-]{section.8.17}{\376\377\0008\000.\0001\0007\000\040\000m\000o\000d\000u\000l\000e\000s\000/\000i\000n\000c\000l\000u\000d\000e\000/\000W\000e\000b\000C\000o\000r\000e\000.\000h\000\040\000F\000i\000l\000e\000\040\000R\000e\000f\000e\000r\000e\000n\000c\000e}{chapter.8}% 721
\BOOKMARK [1][-]{section.8.18}{\376\377\0008\000.\0001\0008\000\040\000W\000e\000b\000C\000o\000r\000e\000.\000h}{chapter.8}% 722
\BOOKMARK [1][-]{section.8.19}{\376\377\0008\000.\0001\0009\000\040\000m\000o\000d\000u\000l\000e\000s\000/\000i\000n\000c\000l\000u\000d\000e\000/\000W\000I\000P\000.\000h\000\040\000F\000i\000l\000e\000\040\000R\000e\000f\000e\000r\000e\000n\000c\000e}{chapter.8}% 723
\BOOKMARK [1][-]{section.8.20}{\376\377\0008\000.\0002\0000\000\040\000W\000I\000P\000.\000h}{chapter.8}% 724
\BOOKMARK [1][-]{section.8.21}{\376\377\0008\000.\0002\0001\000\040\000m\000o\000d\000u\000l\000e\000s\000/\000s\000r\000c\000/\000K\000e\000r\000n\000e\000l\000.\000c\000p\000p\000\040\000F\000i\000l\000e\000\040\000R\000e\000f\000e\000r\000e\000n\000c\000e}{chapter.8}% 725
\BOOKMARK [2][-]{subsection.8.21.1}{\376\377\0008\000.\0002\0001\000.\0001\000\040\000M\000a\000c\000r\000o\000\040\000D\000e\000f\000i\000n\000i\000t\000i\000o\000n\000\040\000D\000o\000c\000u\000m\000e\000n\000t\000a\000t\000i\000o\000n}{section.8.21}% 726
\BOOKMARK [3][-]{subsubsection.8.21.1.1}{\376\377\0008\000.\0002\0001\000.\0001\000.\0001\000\040\000R\000i\000n\000e\000g\000i\000n\000e\000L\000i\000b}{subsection.8.21.1}% 727
\BOOKMARK [1][-]{section.8.22}{\376\377\0008\000.\0002\0002\000\040\000m\000o\000d\000u\000l\000e\000s\000/\000s\000r\000c\000/\000K\000e\000r\000n\000e\000l\000/\000a\000l\000l\000o\000c\000a\000t\000o\000r\000/\000a\000l\000l\000o\000c\000a\000t\000o\000r\000\040\000c\000o\000p\000y\000.\000h\000\040\000F\000i\000l\000e\000\040\000R\000e\000f\000e\000r\000e\000n\000c\000e}{chapter.8}% 728
\BOOKMARK [1][-]{section.8.23}{\376\377\0008\000.\0002\0003\000\040\000a\000l\000l\000o\000c\000a\000t\000o\000r\000\040\000c\000o\000p\000y\000.\000h}{chapter.8}% 729
\BOOKMARK [1][-]{section.8.24}{\376\377\0008\000.\0002\0004\000\040\000m\000o\000d\000u\000l\000e\000s\000/\000s\000r\000c\000/\000K\000e\000r\000n\000e\000l\000/\000a\000l\000l\000o\000c\000a\000t\000o\000r\000/\000a\000l\000l\000o\000c\000a\000t\000o\000r\000.\000h\000\040\000F\000i\000l\000e\000\040\000R\000e\000f\000e\000r\000e\000n\000c\000e}{chapter.8}% 730
\BOOKMARK [1][-]{section.8.25}{\376\377\0008\000.\0002\0005\000\040\000a\000l\000l\000o\000c\000a\000t\000o\000r\000.\000h}{chapter.8}% 731
\BOOKMARK [1][-]{section.8.26}{\376\377\0008\000.\0002\0006\000\040\000m\000o\000d\000u\000l\000e\000s\000/\000s\000r\000c\000/\000K\000e\000r\000n\000e\000l\000/\000a\000l\000l\000o\000c\000a\000t\000o\000r\000/\000a\000l\000l\000o\000c\000a\000t\000o\000r\000\137\000o\000l\000d\000.\000h\000\040\000F\000i\000l\000e\000\040\000R\000e\000f\000e\000r\000e\000n\000c\000e}{chapter.8}% 732
\BOOKMARK [1][-]{section.8.27}{\376\377\0008\000.\0002\0007\000\040\000a\000l\000l\000o\000c\000a\000t\000o\000r\000\137\000o\000l\000d\000.\000h}{chapter.8}% 733
\BOOKMARK [1][-]{section.8.28}{\376\377\0008\000.\0002\0008\000\040\000m\000o\000d\000u\000l\000e\000s\000/\000s\000r\000c\000/\000K\000e\000r\000n\000e\000l\000/\000c\000o\000n\000v\000e\000r\000t\000/\000d\000e\000c\000o\000d\000e\000.\000h\000\040\000F\000i\000l\000e\000\040\000R\000e\000f\000e\000r\000e\000n\000c\000e}{chapter.8}% 734
\BOOKMARK [1][-]{section.8.29}{\376\377\0008\000.\0002\0009\000\040\000d\000e\000c\000o\000d\000e\000.\000h}{chapter.8}% 735
\BOOKMARK [1][-]{section.8.30}{\376\377\0008\000.\0003\0000\000\040\000m\000o\000d\000u\000l\000e\000s\000/\000s\000r\000c\000/\000K\000e\000r\000n\000e\000l\000/\000d\000e\000b\000u\000g\000/\000d\000e\000b\000u\000g\000.\000h\000\040\000F\000i\000l\000e\000\040\000R\000e\000f\000e\000r\000e\000n\000c\000e}{chapter.8}% 736
\BOOKMARK [2][-]{subsection.8.30.1}{\376\377\0008\000.\0003\0000\000.\0001\000\040\000M\000a\000c\000r\000o\000\040\000D\000e\000f\000i\000n\000i\000t\000i\000o\000n\000\040\000D\000o\000c\000u\000m\000e\000n\000t\000a\000t\000i\000o\000n}{section.8.30}% 737
\BOOKMARK [3][-]{subsubsection.8.30.1.1}{\376\377\0008\000.\0003\0000\000.\0001\000.\0001\000\040\000R\000G\000L\000O\000C\000K\000\137\000D\000E\000B\000U\000G\000\137\000I\000N\000L\000I\000N\000E}{subsection.8.30.1}% 738
\BOOKMARK [2][-]{subsection.8.30.2}{\376\377\0008\000.\0003\0000\000.\0002\000\040\000V\000a\000r\000i\000a\000b\000l\000e\000\040\000D\000o\000c\000u\000m\000e\000n\000t\000a\000t\000i\000o\000n}{section.8.30}% 739
\BOOKMARK [3][-]{subsubsection.8.30.2.1}{\376\377\0008\000.\0003\0000\000.\0002\000.\0001\000\040\000R\000G\000\137\000T\000Y\000P\000E\000\137\000D\000E\000B\000U\000G\000\137\000S\000T\000R\000I\000N\000G}{subsection.8.30.2}% 740
\BOOKMARK [1][-]{section.8.31}{\376\377\0008\000.\0003\0001\000\040\000d\000e\000b\000u\000g\000.\000h}{chapter.8}% 741
\BOOKMARK [1][-]{section.8.32}{\376\377\0008\000.\0003\0002\000\040\000m\000o\000d\000u\000l\000e\000s\000/\000s\000r\000c\000/\000K\000e\000r\000n\000e\000l\000/\000d\000e\000b\000u\000g\000/\000f\000o\000l\000d\000e\000r\000.\000h\000\040\000F\000i\000l\000e\000\040\000R\000e\000f\000e\000r\000e\000n\000c\000e}{chapter.8}% 742
\BOOKMARK [1][-]{section.8.33}{\376\377\0008\000.\0003\0003\000\040\000f\000o\000l\000d\000e\000r\000.\000h}{chapter.8}% 743
\BOOKMARK [1][-]{section.8.34}{\376\377\0008\000.\0003\0004\000\040\000m\000o\000d\000u\000l\000e\000s\000/\000i\000n\000c\000l\000u\000d\000e\000/\000K\000e\000r\000n\000e\000l\000/\000d\000e\000f\000i\000n\000e\000.\000h\000\040\000F\000i\000l\000e\000\040\000R\000e\000f\000e\000r\000e\000n\000c\000e}{chapter.8}% 744
\BOOKMARK [2][-]{subsection.8.34.1}{\376\377\0008\000.\0003\0004\000.\0001\000\040\000M\000a\000c\000r\000o\000\040\000D\000e\000f\000i\000n\000i\000t\000i\000o\000n\000\040\000D\000o\000c\000u\000m\000e\000n\000t\000a\000t\000i\000o\000n}{section.8.34}% 745
\BOOKMARK [3][-]{subsubsection.8.34.1.1}{\376\377\0008\000.\0003\0004\000.\0001\000.\0001\000\040\000e\000l\000i\000f}{subsection.8.34.1}% 746
\BOOKMARK [3][-]{subsubsection.8.34.1.2}{\376\377\0008\000.\0003\0004\000.\0001\000.\0002\000\040\000r\000g\000\137\000c\000h\000a\000r}{subsection.8.34.1}% 747
\BOOKMARK [3][-]{subsubsection.8.34.1.3}{\376\377\0008\000.\0003\0004\000.\0001\000.\0003\000\040\000r\000g\000\137\000c\000i\000n}{subsection.8.34.1}% 748
\BOOKMARK [3][-]{subsubsection.8.34.1.4}{\376\377\0008\000.\0003\0004\000.\0001\000.\0004\000\040\000r\000g\000\137\000c\000o\000u\000n\000t}{subsection.8.34.1}% 749
\BOOKMARK [3][-]{subsubsection.8.34.1.5}{\376\377\0008\000.\0003\0004\000.\0001\000.\0005\000\040\000r\000g\000\137\000c\000o\000u\000n\000t\000\137\000c\000l\000e\000a\000r}{subsection.8.34.1}% 750
\BOOKMARK [3][-]{subsubsection.8.34.1.6}{\376\377\0008\000.\0003\0004\000.\0001\000.\0006\000\040\000r\000g\000\137\000c\000o\000u\000n\000t\000\137\000d\000e\000b}{subsection.8.34.1}% 751
\BOOKMARK [3][-]{subsubsection.8.34.1.7}{\376\377\0008\000.\0003\0004\000.\0001\000.\0007\000\040\000r\000g\000\137\000c\000o\000u\000n\000t\000\137\000d\000e\000b\000\137\000c\000l\000e\000a\000r}{subsection.8.34.1}% 752
\BOOKMARK [3][-]{subsubsection.8.34.1.8}{\376\377\0008\000.\0003\0004\000.\0001\000.\0008\000\040\000r\000g\000\137\000c\000o\000u\000t}{subsection.8.34.1}% 753
\BOOKMARK [3][-]{subsubsection.8.34.1.9}{\376\377\0008\000.\0003\0004\000.\0001\000.\0009\000\040\000R\000G\000\137\000E\000R\000R\000O\000R\000\137\000S\000T\000R\000I\000N\000G}{subsection.8.34.1}% 754
\BOOKMARK [3][-]{subsubsection.8.34.1.10}{\376\377\0008\000.\0003\0004\000.\0001\000.\0001\0000\000\040\000R\000G\000\137\000E\000R\000R\000O\000R\000\137\000W\000S\000T\000R\000I\000N\000G}{subsection.8.34.1}% 755
\BOOKMARK [3][-]{subsubsection.8.34.1.11}{\376\377\0008\000.\0003\0004\000.\0001\000.\0001\0001\000\040\000R\000G\000\137\000F\000O\000R\000\137\000C\000Y\000C\000L\000E}{subsection.8.34.1}% 756
\BOOKMARK [3][-]{subsubsection.8.34.1.12}{\376\377\0008\000.\0003\0004\000.\0001\000.\0001\0002\000\040\000R\000G\000\137\000F\000O\000R\000\137\000C\000Y\000C\000L\000E\000i}{subsection.8.34.1}% 757
\BOOKMARK [3][-]{subsubsection.8.34.1.13}{\376\377\0008\000.\0003\0004\000.\0001\000.\0001\0003\000\040\000R\000G\000\137\000F\000O\000R\000\137\000C\000Y\000C\000L\000E\000j}{subsection.8.34.1}% 758
\BOOKMARK [3][-]{subsubsection.8.34.1.14}{\376\377\0008\000.\0003\0004\000.\0001\000.\0001\0004\000\040\000R\000G\000\137\000F\000O\000R\000\137\000C\000Y\000C\000L\000E\000k}{subsection.8.34.1}% 759
\BOOKMARK [3][-]{subsubsection.8.34.1.15}{\376\377\0008\000.\0003\0004\000.\0001\000.\0001\0005\000\040\000R\000G\000\137\000F\000O\000R\000\137\000C\000Y\000C\000L\000E\000r\000e\000v}{subsection.8.34.1}% 760
\BOOKMARK [3][-]{subsubsection.8.34.1.16}{\376\377\0008\000.\0003\0004\000.\0001\000.\0001\0006\000\040\000R\000G\000\137\000F\000O\000R\000\137\000C\000Y\000C\000L\000E\000t\000y}{subsection.8.34.1}% 761
\BOOKMARK [3][-]{subsubsection.8.34.1.17}{\376\377\0008\000.\0003\0004\000.\0001\000.\0001\0007\000\040\000R\000G\000\137\000F\000O\000R\000\137\000C\000Y\000C\000L\000E\000x}{subsection.8.34.1}% 762
\BOOKMARK [3][-]{subsubsection.8.34.1.18}{\376\377\0008\000.\0003\0004\000.\0001\000.\0001\0008\000\040\000R\000G\000\137\000F\000O\000R\000\137\000C\000Y\000C\000L\000E\000y}{subsection.8.34.1}% 763
\BOOKMARK [3][-]{subsubsection.8.34.1.19}{\376\377\0008\000.\0003\0004\000.\0001\000.\0001\0009\000\040\000R\000G\000\137\000F\000O\000R\000\137\000C\000Y\000C\000L\000E\000z}{subsection.8.34.1}% 764
\BOOKMARK [3][-]{subsubsection.8.34.1.20}{\376\377\0008\000.\0003\0004\000.\0001\000.\0002\0000\000\040\000R\000G\000\137\000G\000L\000O\000B\000A\000L\000\137\000A\000R\000R\000A\000Y\000\137\000P\000U\000S\000H\000\137\000R\000E\000S\000E\000R\000V\000E\000\137\000P\000R\000E\000D\000E\000R}{subsection.8.34.1}% 765
\BOOKMARK [3][-]{subsubsection.8.34.1.21}{\376\377\0008\000.\0003\0004\000.\0001\000.\0002\0001\000\040\000R\000G\000\137\000L}{subsection.8.34.1}% 766
\BOOKMARK [3][-]{subsubsection.8.34.1.22}{\376\377\0008\000.\0003\0004\000.\0001\000.\0002\0002\000\040\000R\000G\000\137\000L\000O\000G\000\137\000C\000R\000I\000T\000I\000C\000A\000L}{subsection.8.34.1}% 767
\BOOKMARK [3][-]{subsubsection.8.34.1.23}{\376\377\0008\000.\0003\0004\000.\0001\000.\0002\0003\000\040\000R\000G\000\137\000L\000O\000G\000\137\000D\000E\000B\000U\000G}{subsection.8.34.1}% 768
\BOOKMARK [3][-]{subsubsection.8.34.1.24}{\376\377\0008\000.\0003\0004\000.\0001\000.\0002\0004\000\040\000R\000G\000\137\000L\000O\000G\000\137\000E\000R\000R\000O\000R}{subsection.8.34.1}% 769
\BOOKMARK [3][-]{subsubsection.8.34.1.25}{\376\377\0008\000.\0003\0004\000.\0001\000.\0002\0005\000\040\000R\000G\000\137\000L\000O\000G\000\137\000F\000A\000T\000A\000L}{subsection.8.34.1}% 770
\BOOKMARK [3][-]{subsubsection.8.34.1.26}{\376\377\0008\000.\0003\0004\000.\0001\000.\0002\0006\000\040\000R\000G\000\137\000L\000O\000G\000\137\000I\000N\000F\000O}{subsection.8.34.1}% 771
\BOOKMARK [3][-]{subsubsection.8.34.1.27}{\376\377\0008\000.\0003\0004\000.\0001\000.\0002\0007\000\040\000R\000G\000\137\000L\000O\000G\000\137\000L\000O\000C\000K\000\137\000C\000R\000I\000T\000I\000C\000A\000L}{subsection.8.34.1}% 772
\BOOKMARK [3][-]{subsubsection.8.34.1.28}{\376\377\0008\000.\0003\0004\000.\0001\000.\0002\0008\000\040\000R\000G\000\137\000L\000O\000G\000\137\000L\000O\000C\000K\000\137\000D\000E\000B\000U\000G}{subsection.8.34.1}% 773
\BOOKMARK [3][-]{subsubsection.8.34.1.29}{\376\377\0008\000.\0003\0004\000.\0001\000.\0002\0009\000\040\000R\000G\000\137\000L\000O\000G\000\137\000L\000O\000C\000K\000\137\000E\000R\000R\000O\000R}{subsection.8.34.1}% 774
\BOOKMARK [3][-]{subsubsection.8.34.1.30}{\376\377\0008\000.\0003\0004\000.\0001\000.\0003\0000\000\040\000R\000G\000\137\000L\000O\000G\000\137\000L\000O\000C\000K\000\137\000F\000A\000T\000A\000L}{subsection.8.34.1}% 775
\BOOKMARK [3][-]{subsubsection.8.34.1.31}{\376\377\0008\000.\0003\0004\000.\0001\000.\0003\0001\000\040\000R\000G\000\137\000L\000O\000G\000\137\000L\000O\000C\000K\000\137\000I\000N\000F\000O}{subsection.8.34.1}% 776
\BOOKMARK [3][-]{subsubsection.8.34.1.32}{\376\377\0008\000.\0003\0004\000.\0001\000.\0003\0002\000\040\000R\000G\000\137\000L\000O\000G\000\137\000L\000O\000C\000K\000\137\000M\000E\000M}{subsection.8.34.1}% 777
\BOOKMARK [3][-]{subsubsection.8.34.1.33}{\376\377\0008\000.\0003\0004\000.\0001\000.\0003\0003\000\040\000R\000G\000\137\000L\000O\000G\000\137\000L\000O\000C\000K\000\137\000W\000A\000R\000N}{subsection.8.34.1}% 778
\BOOKMARK [3][-]{subsubsection.8.34.1.34}{\376\377\0008\000.\0003\0004\000.\0001\000.\0003\0004\000\040\000R\000G\000\137\000L\000O\000G\000\137\000L\000O\000C\000K\000\137\000W\000A\000R\000N\000I\000N\000G}{subsection.8.34.1}% 779
\BOOKMARK [3][-]{subsubsection.8.34.1.35}{\376\377\0008\000.\0003\0004\000.\0001\000.\0003\0005\000\040\000R\000G\000\137\000L\000O\000G\000\137\000M\000E\000M}{subsection.8.34.1}% 780
\BOOKMARK [3][-]{subsubsection.8.34.1.36}{\376\377\0008\000.\0003\0004\000.\0001\000.\0003\0006\000\040\000R\000G\000\137\000L\000O\000G\000\137\000W\000A\000R\000N}{subsection.8.34.1}% 781
\BOOKMARK [3][-]{subsubsection.8.34.1.37}{\376\377\0008\000.\0003\0004\000.\0001\000.\0003\0007\000\040\000R\000G\000\137\000L\000O\000G\000\137\000W\000A\000R\000N\000I\000N\000G}{subsection.8.34.1}% 782
\BOOKMARK [3][-]{subsubsection.8.34.1.38}{\376\377\0008\000.\0003\0004\000.\0001\000.\0003\0008\000\040\000r\000g\000\137\000m\000a\000x}{subsection.8.34.1}% 783
\BOOKMARK [3][-]{subsubsection.8.34.1.39}{\376\377\0008\000.\0003\0004\000.\0001\000.\0003\0009\000\040\000r\000g\000\137\000m\000i\000n}{subsection.8.34.1}% 784
\BOOKMARK [3][-]{subsubsection.8.34.1.40}{\376\377\0008\000.\0003\0004\000.\0001\000.\0004\0000\000\040\000r\000g\000\137\000o\000s\000t\000r\000e\000m}{subsection.8.34.1}% 785
\BOOKMARK [3][-]{subsubsection.8.34.1.41}{\376\377\0008\000.\0003\0004\000.\0001\000.\0004\0001\000\040\000R\000G\000\137\000R\000e\000v\000F\000O\000R\000\137\000C\000Y\000C\000L\000E}{subsection.8.34.1}% 786
\BOOKMARK [3][-]{subsubsection.8.34.1.42}{\376\377\0008\000.\0003\0004\000.\0001\000.\0004\0002\000\040\000R\000G\000\137\000R\000e\000v\000F\000O\000R\000\137\000C\000Y\000C\000L\000E\000i}{subsection.8.34.1}% 787
\BOOKMARK [3][-]{subsubsection.8.34.1.43}{\376\377\0008\000.\0003\0004\000.\0001\000.\0004\0003\000\040\000R\000G\000\137\000R\000e\000v\000F\000O\000R\000\137\000C\000Y\000C\000L\000E\000j}{subsection.8.34.1}% 788
\BOOKMARK [3][-]{subsubsection.8.34.1.44}{\376\377\0008\000.\0003\0004\000.\0001\000.\0004\0004\000\040\000R\000G\000\137\000R\000e\000v\000F\000O\000R\000\137\000C\000Y\000C\000L\000E\000k}{subsection.8.34.1}% 789
\BOOKMARK [3][-]{subsubsection.8.34.1.45}{\376\377\0008\000.\0003\0004\000.\0001\000.\0004\0005\000\040\000R\000G\000\137\000R\000e\000v\000F\000O\000R\000\137\000C\000Y\000C\000L\000E\000x}{subsection.8.34.1}% 790
\BOOKMARK [3][-]{subsubsection.8.34.1.46}{\376\377\0008\000.\0003\0004\000.\0001\000.\0004\0006\000\040\000R\000G\000\137\000R\000e\000v\000F\000O\000R\000\137\000C\000Y\000C\000L\000E\000y}{subsection.8.34.1}% 791
\BOOKMARK [3][-]{subsubsection.8.34.1.47}{\376\377\0008\000.\0003\0004\000.\0001\000.\0004\0007\000\040\000R\000G\000\137\000R\000e\000v\000F\000O\000R\000\137\000C\000Y\000C\000L\000E\000z}{subsection.8.34.1}% 792
\BOOKMARK [3][-]{subsubsection.8.34.1.48}{\376\377\0008\000.\0003\0004\000.\0001\000.\0004\0008\000\040\000r\000g\000\137\000s\000t\000r\000i\000n\000g}{subsection.8.34.1}% 793
\BOOKMARK [3][-]{subsubsection.8.34.1.49}{\376\377\0008\000.\0003\0004\000.\0001\000.\0004\0009\000\040\000r\000g\000\137\000t\000o\000\137\000s\000t\000r\000i\000n\000g}{subsection.8.34.1}% 794
\BOOKMARK [3][-]{subsubsection.8.34.1.50}{\376\377\0008\000.\0003\0004\000.\0001\000.\0005\0000\000\040\000r\000g\000\137\000t\000o\000\137\000s\000t\000r\000i\000n\000g\000\137}{subsection.8.34.1}% 795
\BOOKMARK [3][-]{subsubsection.8.34.1.51}{\376\377\0008\000.\0003\0004\000.\0001\000.\0005\0001\000\040\000t\000o\000\137\000r\000r\000v\000a\000l\000u\000e}{subsection.8.34.1}% 796
\BOOKMARK [3][-]{subsubsection.8.34.1.52}{\376\377\0008\000.\0003\0004\000.\0001\000.\0005\0002\000\040\000t\000o\000\137\000r\000v\000a\000l\000u\000e}{subsection.8.34.1}% 797
\BOOKMARK [3][-]{subsubsection.8.34.1.53}{\376\377\0008\000.\0003\0004\000.\0001\000.\0005\0003\000\040\000U\000I\000N\000T\000\137\000M\000A\000X}{subsection.8.34.1}% 798
\BOOKMARK [2][-]{subsection.8.34.2}{\376\377\0008\000.\0003\0004\000.\0002\000\040\000V\000a\000r\000i\000a\000b\000l\000e\000\040\000D\000o\000c\000u\000m\000e\000n\000t\000a\000t\000i\000o\000n}{section.8.34}% 799
\BOOKMARK [3][-]{subsubsection.8.34.2.1}{\376\377\0008\000.\0003\0004\000.\0002\000.\0001\000\040\000r\000g\000\137\000c\000o\000u\000n\000t\000\137\000t\000e\000m\000p}{subsection.8.34.2}% 800
\BOOKMARK [3][-]{subsubsection.8.34.2.2}{\376\377\0008\000.\0003\0004\000.\0002\000.\0002\000\040\000r\000g\000\137\000c\000o\000u\000n\000t\000\137\000t\000e\000m\000p\000\137\000d\000e\000b}{subsection.8.34.2}% 801
\BOOKMARK [1][-]{section.8.35}{\376\377\0008\000.\0003\0005\000\040\000d\000e\000f\000i\000n\000e\000.\000h}{chapter.8}% 802
\BOOKMARK [1][-]{section.8.36}{\376\377\0008\000.\0003\0006\000\040\000m\000o\000d\000u\000l\000e\000s\000/\000s\000r\000c\000/\000K\000e\000r\000n\000e\000l\000/\000d\000e\000f\000i\000n\000e\000.\000h\000\040\000F\000i\000l\000e\000\040\000R\000e\000f\000e\000r\000e\000n\000c\000e}{chapter.8}% 803
\BOOKMARK [2][-]{subsection.8.36.1}{\376\377\0008\000.\0003\0006\000.\0001\000\040\000M\000a\000c\000r\000o\000\040\000D\000e\000f\000i\000n\000i\000t\000i\000o\000n\000\040\000D\000o\000c\000u\000m\000e\000n\000t\000a\000t\000i\000o\000n}{section.8.36}% 804
\BOOKMARK [3][-]{subsubsection.8.36.1.1}{\376\377\0008\000.\0003\0006\000.\0001\000.\0001\000\040\000e\000l\000i\000f}{subsection.8.36.1}% 805
\BOOKMARK [3][-]{subsubsection.8.36.1.2}{\376\377\0008\000.\0003\0006\000.\0001\000.\0002\000\040\000r\000g\000\137\000c\000h\000a\000r}{subsection.8.36.1}% 806
\BOOKMARK [3][-]{subsubsection.8.36.1.3}{\376\377\0008\000.\0003\0006\000.\0001\000.\0003\000\040\000r\000g\000\137\000c\000i\000n}{subsection.8.36.1}% 807
\BOOKMARK [3][-]{subsubsection.8.36.1.4}{\376\377\0008\000.\0003\0006\000.\0001\000.\0004\000\040\000r\000g\000\137\000c\000o\000u\000t}{subsection.8.36.1}% 808
\BOOKMARK [3][-]{subsubsection.8.36.1.5}{\376\377\0008\000.\0003\0006\000.\0001\000.\0005\000\040\000R\000G\000\137\000F\000O\000R\000\137\000C\000Y\000C\000L\000E}{subsection.8.36.1}% 809
\BOOKMARK [3][-]{subsubsection.8.36.1.6}{\376\377\0008\000.\0003\0006\000.\0001\000.\0006\000\040\000R\000G\000\137\000F\000O\000R\000\137\000C\000Y\000C\000L\000E\000i}{subsection.8.36.1}% 810
\BOOKMARK [3][-]{subsubsection.8.36.1.7}{\376\377\0008\000.\0003\0006\000.\0001\000.\0007\000\040\000R\000G\000\137\000F\000O\000R\000\137\000C\000Y\000C\000L\000E\000j}{subsection.8.36.1}% 811
\BOOKMARK [3][-]{subsubsection.8.36.1.8}{\376\377\0008\000.\0003\0006\000.\0001\000.\0008\000\040\000R\000G\000\137\000F\000O\000R\000\137\000C\000Y\000C\000L\000E\000k}{subsection.8.36.1}% 812
\BOOKMARK [3][-]{subsubsection.8.36.1.9}{\376\377\0008\000.\0003\0006\000.\0001\000.\0009\000\040\000R\000G\000\137\000F\000O\000R\000\137\000C\000Y\000C\000L\000E\000r\000e\000v}{subsection.8.36.1}% 813
\BOOKMARK [3][-]{subsubsection.8.36.1.10}{\376\377\0008\000.\0003\0006\000.\0001\000.\0001\0000\000\040\000R\000G\000\137\000F\000O\000R\000\137\000C\000Y\000C\000L\000E\000t\000y}{subsection.8.36.1}% 814
\BOOKMARK [3][-]{subsubsection.8.36.1.11}{\376\377\0008\000.\0003\0006\000.\0001\000.\0001\0001\000\040\000R\000G\000\137\000F\000O\000R\000\137\000C\000Y\000C\000L\000E\000x}{subsection.8.36.1}% 815
\BOOKMARK [3][-]{subsubsection.8.36.1.12}{\376\377\0008\000.\0003\0006\000.\0001\000.\0001\0002\000\040\000R\000G\000\137\000F\000O\000R\000\137\000C\000Y\000C\000L\000E\000y}{subsection.8.36.1}% 816
\BOOKMARK [3][-]{subsubsection.8.36.1.13}{\376\377\0008\000.\0003\0006\000.\0001\000.\0001\0003\000\040\000R\000G\000\137\000F\000O\000R\000\137\000C\000Y\000C\000L\000E\000z}{subsection.8.36.1}% 817
\BOOKMARK [3][-]{subsubsection.8.36.1.14}{\376\377\0008\000.\0003\0006\000.\0001\000.\0001\0004\000\040\000R\000G\000\137\000H\000E\000R\000E\000\137\000F\000I\000L\000E\000\137\000N\000A\000M\000E}{subsection.8.36.1}% 818
\BOOKMARK [3][-]{subsubsection.8.36.1.15}{\376\377\0008\000.\0003\0006\000.\0001\000.\0001\0005\000\040\000R\000G\000\137\000L}{subsection.8.36.1}% 819
\BOOKMARK [3][-]{subsubsection.8.36.1.16}{\376\377\0008\000.\0003\0006\000.\0001\000.\0001\0006\000\040\000r\000g\000\137\000m\000a\000x}{subsection.8.36.1}% 820
\BOOKMARK [3][-]{subsubsection.8.36.1.17}{\376\377\0008\000.\0003\0006\000.\0001\000.\0001\0007\000\040\000r\000g\000\137\000m\000i\000n}{subsection.8.36.1}% 821
\BOOKMARK [3][-]{subsubsection.8.36.1.18}{\376\377\0008\000.\0003\0006\000.\0001\000.\0001\0008\000\040\000r\000g\000\137\000o\000s\000t\000r\000e\000m}{subsection.8.36.1}% 822
\BOOKMARK [3][-]{subsubsection.8.36.1.19}{\376\377\0008\000.\0003\0006\000.\0001\000.\0001\0009\000\040\000R\000G\000\137\000R\000e\000v\000F\000O\000R\000\137\000C\000Y\000C\000L\000E}{subsection.8.36.1}% 823
\BOOKMARK [3][-]{subsubsection.8.36.1.20}{\376\377\0008\000.\0003\0006\000.\0001\000.\0002\0000\000\040\000R\000G\000\137\000R\000e\000v\000F\000O\000R\000\137\000C\000Y\000C\000L\000E\000i}{subsection.8.36.1}% 824
\BOOKMARK [3][-]{subsubsection.8.36.1.21}{\376\377\0008\000.\0003\0006\000.\0001\000.\0002\0001\000\040\000R\000G\000\137\000R\000e\000v\000F\000O\000R\000\137\000C\000Y\000C\000L\000E\000j}{subsection.8.36.1}% 825
\BOOKMARK [3][-]{subsubsection.8.36.1.22}{\376\377\0008\000.\0003\0006\000.\0001\000.\0002\0002\000\040\000R\000G\000\137\000R\000e\000v\000F\000O\000R\000\137\000C\000Y\000C\000L\000E\000k}{subsection.8.36.1}% 826
\BOOKMARK [3][-]{subsubsection.8.36.1.23}{\376\377\0008\000.\0003\0006\000.\0001\000.\0002\0003\000\040\000R\000G\000\137\000R\000e\000v\000F\000O\000R\000\137\000C\000Y\000C\000L\000E\000x}{subsection.8.36.1}% 827
\BOOKMARK [3][-]{subsubsection.8.36.1.24}{\376\377\0008\000.\0003\0006\000.\0001\000.\0002\0004\000\040\000R\000G\000\137\000R\000e\000v\000F\000O\000R\000\137\000C\000Y\000C\000L\000E\000y}{subsection.8.36.1}% 828
\BOOKMARK [3][-]{subsubsection.8.36.1.25}{\376\377\0008\000.\0003\0006\000.\0001\000.\0002\0005\000\040\000R\000G\000\137\000R\000e\000v\000F\000O\000R\000\137\000C\000Y\000C\000L\000E\000z}{subsection.8.36.1}% 829
\BOOKMARK [3][-]{subsubsection.8.36.1.26}{\376\377\0008\000.\0003\0006\000.\0001\000.\0002\0006\000\040\000r\000g\000\137\000s\000t\000r\000i\000n\000g}{subsection.8.36.1}% 830
\BOOKMARK [3][-]{subsubsection.8.36.1.27}{\376\377\0008\000.\0003\0006\000.\0001\000.\0002\0007\000\040\000r\000g\000\137\000t\000o\000\137\000s\000t\000r\000i\000n\000g\000\137}{subsection.8.36.1}% 831
\BOOKMARK [3][-]{subsubsection.8.36.1.28}{\376\377\0008\000.\0003\0006\000.\0001\000.\0002\0008\000\040\000t\000o\000\137\000r\000r\000v\000a\000l\000u\000e}{subsection.8.36.1}% 832
\BOOKMARK [3][-]{subsubsection.8.36.1.29}{\376\377\0008\000.\0003\0006\000.\0001\000.\0002\0009\000\040\000t\000o\000\137\000r\000v\000a\000l\000u\000e}{subsection.8.36.1}% 833
\BOOKMARK [3][-]{subsubsection.8.36.1.30}{\376\377\0008\000.\0003\0006\000.\0001\000.\0003\0000\000\040\000U\000I\000N\000T\000\137\000M\000A\000X}{subsection.8.36.1}% 834
\BOOKMARK [2][-]{subsection.8.36.2}{\376\377\0008\000.\0003\0006\000.\0002\000\040\000V\000a\000r\000i\000a\000b\000l\000e\000\040\000D\000o\000c\000u\000m\000e\000n\000t\000a\000t\000i\000o\000n}{section.8.36}% 835
\BOOKMARK [3][-]{subsubsection.8.36.2.1}{\376\377\0008\000.\0003\0006\000.\0002\000.\0001\000\040\000r\000g\000\137\000c\000o\000u\000n\000t\000\137\000t\000e\000m\000p}{subsection.8.36.2}% 836
\BOOKMARK [1][-]{section.8.37}{\376\377\0008\000.\0003\0007\000\040\000d\000e\000f\000i\000n\000e\000.\000h}{chapter.8}% 837
\BOOKMARK [1][-]{section.8.38}{\376\377\0008\000.\0003\0008\000\040\000m\000o\000d\000u\000l\000e\000s\000/\000s\000r\000c\000/\000K\000e\000r\000n\000e\000l\000/\000d\000e\000f\000i\000n\000e\000d\000/\000d\000e\000f\000i\000n\000e\000d\000.\000h\000\040\000F\000i\000l\000e\000\040\000R\000e\000f\000e\000r\000e\000n\000c\000e}{chapter.8}% 838
\BOOKMARK [1][-]{section.8.39}{\376\377\0008\000.\0003\0009\000\040\000d\000e\000f\000i\000n\000e\000d\000.\000h}{chapter.8}% 839
\BOOKMARK [1][-]{section.8.40}{\376\377\0008\000.\0004\0000\000\040\000m\000o\000d\000u\000l\000e\000s\000/\000i\000n\000c\000l\000u\000d\000e\000/\000K\000e\000r\000n\000e\000l\000/\000i\000n\000c\000l\000u\000d\000e\000.\000h\000\040\000F\000i\000l\000e\000\040\000R\000e\000f\000e\000r\000e\000n\000c\000e}{chapter.8}% 840
\BOOKMARK [1][-]{section.8.41}{\376\377\0008\000.\0004\0001\000\040\000i\000n\000c\000l\000u\000d\000e\000.\000h}{chapter.8}% 841
\BOOKMARK [1][-]{section.8.42}{\376\377\0008\000.\0004\0002\000\040\000m\000o\000d\000u\000l\000e\000s\000/\000s\000r\000c\000/\000K\000e\000r\000n\000e\000l\000/\000i\000n\000c\000l\000u\000d\000e\000.\000h\000\040\000F\000i\000l\000e\000\040\000R\000e\000f\000e\000r\000e\000n\000c\000e}{chapter.8}% 842
\BOOKMARK [2][-]{subsection.8.42.1}{\376\377\0008\000.\0004\0002\000.\0001\000\040\000M\000a\000c\000r\000o\000\040\000D\000e\000f\000i\000n\000i\000t\000i\000o\000n\000\040\000D\000o\000c\000u\000m\000e\000n\000t\000a\000t\000i\000o\000n}{section.8.42}% 843
\BOOKMARK [3][-]{subsubsection.8.42.1.1}{\376\377\0008\000.\0004\0002\000.\0001\000.\0001\000\040\000R\000G\000\137\000H\000E\000R\000E\000\137\000F\000I\000L\000E\000\137\000N\000A\000M\000E}{subsection.8.42.1}% 844
\BOOKMARK [1][-]{section.8.43}{\376\377\0008\000.\0004\0003\000\040\000i\000n\000c\000l\000u\000d\000e\000.\000h}{chapter.8}% 845
\BOOKMARK [1][-]{section.8.44}{\376\377\0008\000.\0004\0004\000\040\000m\000o\000d\000u\000l\000e\000s\000/\000i\000n\000c\000l\000u\000d\000e\000/\000K\000e\000r\000n\000e\000l\000/\000k\000e\000r\000n\000e\000l\000.\000h\000\040\000F\000i\000l\000e\000\040\000R\000e\000f\000e\000r\000e\000n\000c\000e}{chapter.8}% 846
\BOOKMARK [2][-]{subsection.8.44.1}{\376\377\0008\000.\0004\0004\000.\0001\000\040\000M\000a\000c\000r\000o\000\040\000D\000e\000f\000i\000n\000i\000t\000i\000o\000n\000\040\000D\000o\000c\000u\000m\000e\000n\000t\000a\000t\000i\000o\000n}{section.8.44}% 847
\BOOKMARK [3][-]{subsubsection.8.44.1.1}{\376\377\0008\000.\0004\0004\000.\0001\000.\0001\000\040\000R\000G\000\137\000H\000E\000R\000E\000\137\000F\000I\000L\000E\000\137\000N\000A\000M\000E}{subsection.8.44.1}% 848
\BOOKMARK [1][-]{section.8.45}{\376\377\0008\000.\0004\0005\000\040\000k\000e\000r\000n\000e\000l\000.\000h}{chapter.8}% 849
\BOOKMARK [1][-]{section.8.46}{\376\377\0008\000.\0004\0006\000\040\000m\000o\000d\000u\000l\000e\000s\000/\000s\000r\000c\000/\000K\000e\000r\000n\000e\000l\000/\000k\000e\000r\000n\000e\000l\000.\000h\000\040\000F\000i\000l\000e\000\040\000R\000e\000f\000e\000r\000e\000n\000c\000e}{chapter.8}% 850
\BOOKMARK [2][-]{subsection.8.46.1}{\376\377\0008\000.\0004\0006\000.\0001\000\040\000M\000a\000c\000r\000o\000\040\000D\000e\000f\000i\000n\000i\000t\000i\000o\000n\000\040\000D\000o\000c\000u\000m\000e\000n\000t\000a\000t\000i\000o\000n}{section.8.46}% 851
\BOOKMARK [3][-]{subsubsection.8.46.1.1}{\376\377\0008\000.\0004\0006\000.\0001\000.\0001\000\040\000R\000G\000\137\000D\000E\000B\000U\000G}{subsection.8.46.1}% 852
\BOOKMARK [3][-]{subsubsection.8.46.1.2}{\376\377\0008\000.\0004\0006\000.\0001\000.\0002\000\040\000R\000G\000\137\000H\000E\000R\000E\000\137\000F\000I\000L\000E\000\137\000N\000A\000M\000E}{subsection.8.46.1}% 853
\BOOKMARK [1][-]{section.8.47}{\376\377\0008\000.\0004\0007\000\040\000k\000e\000r\000n\000e\000l\000.\000h}{chapter.8}% 854
\BOOKMARK [1][-]{section.8.48}{\376\377\0008\000.\0004\0008\000\040\000m\000o\000d\000u\000l\000e\000s\000/\000s\000r\000c\000/\000K\000e\000r\000n\000e\000l\000/\000p\000o\000i\000n\000t\000e\000r\000/\000p\000o\000i\000n\000t\000e\000r\000.\000h\000\040\000F\000i\000l\000e\000\040\000R\000e\000f\000e\000r\000e\000n\000c\000e}{chapter.8}% 855
\BOOKMARK [1][-]{section.8.49}{\376\377\0008\000.\0004\0009\000\040\000p\000o\000i\000n\000t\000e\000r\000.\000h}{chapter.8}% 856
\BOOKMARK [1][-]{section.8.50}{\376\377\0008\000.\0005\0000\000\040\000m\000o\000d\000u\000l\000e\000s\000/\000i\000n\000c\000l\000u\000d\000e\000/\000A\000d\000d\000o\000n\000s\000/\000s\000e\000t\000.\000h\000\040\000F\000i\000l\000e\000\040\000R\000e\000f\000e\000r\000e\000n\000c\000e}{chapter.8}% 857
\BOOKMARK [1][-]{section.8.51}{\376\377\0008\000.\0005\0001\000\040\000s\000e\000t\000.\000h}{chapter.8}% 858
\BOOKMARK [1][-]{section.8.52}{\376\377\0008\000.\0005\0002\000\040\000m\000o\000d\000u\000l\000e\000s\000/\000i\000n\000c\000l\000u\000d\000e\000/\000A\000u\000d\000i\000o\000/\000s\000e\000t\000.\000h\000\040\000F\000i\000l\000e\000\040\000R\000e\000f\000e\000r\000e\000n\000c\000e}{chapter.8}% 859
\BOOKMARK [1][-]{section.8.53}{\376\377\0008\000.\0005\0003\000\040\000s\000e\000t\000.\000h}{chapter.8}% 860
\BOOKMARK [1][-]{section.8.54}{\376\377\0008\000.\0005\0004\000\040\000m\000o\000d\000u\000l\000e\000s\000/\000i\000n\000c\000l\000u\000d\000e\000/\000G\000r\000a\000p\000h\000i\000c\000s\000/\000s\000e\000t\000.\000h\000\040\000F\000i\000l\000e\000\040\000R\000e\000f\000e\000r\000e\000n\000c\000e}{chapter.8}% 861
\BOOKMARK [1][-]{section.8.55}{\376\377\0008\000.\0005\0005\000\040\000s\000e\000t\000.\000h}{chapter.8}% 862
\BOOKMARK [1][-]{section.8.56}{\376\377\0008\000.\0005\0006\000\040\000m\000o\000d\000u\000l\000e\000s\000/\000i\000n\000c\000l\000u\000d\000e\000/\000K\000e\000r\000n\000e\000l\000/\000s\000e\000t\000.\000h\000\040\000F\000i\000l\000e\000\040\000R\000e\000f\000e\000r\000e\000n\000c\000e}{chapter.8}% 863
\BOOKMARK [1][-]{section.8.57}{\376\377\0008\000.\0005\0007\000\040\000s\000e\000t\000.\000h}{chapter.8}% 864
\BOOKMARK [1][-]{section.8.58}{\376\377\0008\000.\0005\0008\000\040\000m\000o\000d\000u\000l\000e\000s\000/\000i\000n\000c\000l\000u\000d\000e\000/\000N\000e\000t\000/\000s\000e\000t\000.\000h\000\040\000F\000i\000l\000e\000\040\000R\000e\000f\000e\000r\000e\000n\000c\000e}{chapter.8}% 865
\BOOKMARK [1][-]{section.8.59}{\376\377\0008\000.\0005\0009\000\040\000s\000e\000t\000.\000h}{chapter.8}% 866
\BOOKMARK [1][-]{section.8.60}{\376\377\0008\000.\0006\0000\000\040\000m\000o\000d\000u\000l\000e\000s\000/\000i\000n\000c\000l\000u\000d\000e\000/\000N\000e\000u\000r\000a\000l\000/\000s\000e\000t\000.\000h\000\040\000F\000i\000l\000e\000\040\000R\000e\000f\000e\000r\000e\000n\000c\000e}{chapter.8}% 867
\BOOKMARK [1][-]{section.8.61}{\376\377\0008\000.\0006\0001\000\040\000s\000e\000t\000.\000h}{chapter.8}% 868
\BOOKMARK [1][-]{section.8.62}{\376\377\0008\000.\0006\0002\000\040\000m\000o\000d\000u\000l\000e\000s\000/\000i\000n\000c\000l\000u\000d\000e\000/\000W\000e\000b\000C\000o\000r\000e\000/\000s\000e\000t\000.\000h\000\040\000F\000i\000l\000e\000\040\000R\000e\000f\000e\000r\000e\000n\000c\000e}{chapter.8}% 869
\BOOKMARK [1][-]{section.8.63}{\376\377\0008\000.\0006\0003\000\040\000s\000e\000t\000.\000h}{chapter.8}% 870
\BOOKMARK [1][-]{section.8.64}{\376\377\0008\000.\0006\0004\000\040\000m\000o\000d\000u\000l\000e\000s\000/\000i\000n\000c\000l\000u\000d\000e\000/\000W\000I\000P\000/\000s\000e\000t\000.\000h\000\040\000F\000i\000l\000e\000\040\000R\000e\000f\000e\000r\000e\000n\000c\000e}{chapter.8}% 871
\BOOKMARK [1][-]{section.8.65}{\376\377\0008\000.\0006\0005\000\040\000s\000e\000t\000.\000h}{chapter.8}% 872
\BOOKMARK [1][-]{section.8.66}{\376\377\0008\000.\0006\0006\000\040\000m\000o\000d\000u\000l\000e\000s\000/\000s\000r\000c\000/\000K\000e\000r\000n\000e\000l\000/\000a\000l\000l\000o\000c\000a\000t\000o\000r\000/\000s\000e\000t\000.\000h\000\040\000F\000i\000l\000e\000\040\000R\000e\000f\000e\000r\000e\000n\000c\000e}{chapter.8}% 873
\BOOKMARK [1][-]{section.8.67}{\376\377\0008\000.\0006\0007\000\040\000s\000e\000t\000.\000h}{chapter.8}% 874
\BOOKMARK [1][-]{section.8.68}{\376\377\0008\000.\0006\0008\000\040\000m\000o\000d\000u\000l\000e\000s\000/\000s\000r\000c\000/\000K\000e\000r\000n\000e\000l\000/\000c\000o\000n\000v\000e\000r\000t\000/\000s\000e\000t\000.\000h\000\040\000F\000i\000l\000e\000\040\000R\000e\000f\000e\000r\000e\000n\000c\000e}{chapter.8}% 875
\BOOKMARK [1][-]{section.8.69}{\376\377\0008\000.\0006\0009\000\040\000s\000e\000t\000.\000h}{chapter.8}% 876
\BOOKMARK [1][-]{section.8.70}{\376\377\0008\000.\0007\0000\000\040\000m\000o\000d\000u\000l\000e\000s\000/\000s\000r\000c\000/\000K\000e\000r\000n\000e\000l\000/\000d\000e\000b\000u\000g\000/\000s\000e\000t\000.\000h\000\040\000F\000i\000l\000e\000\040\000R\000e\000f\000e\000r\000e\000n\000c\000e}{chapter.8}% 877
\BOOKMARK [1][-]{section.8.71}{\376\377\0008\000.\0007\0001\000\040\000s\000e\000t\000.\000h}{chapter.8}% 878
\BOOKMARK [1][-]{section.8.72}{\376\377\0008\000.\0007\0002\000\040\000m\000o\000d\000u\000l\000e\000s\000/\000s\000r\000c\000/\000K\000e\000r\000n\000e\000l\000/\000d\000e\000f\000i\000n\000e\000d\000/\000s\000e\000t\000.\000h\000\040\000F\000i\000l\000e\000\040\000R\000e\000f\000e\000r\000e\000n\000c\000e}{chapter.8}% 879
\BOOKMARK [1][-]{section.8.73}{\376\377\0008\000.\0007\0003\000\040\000s\000e\000t\000.\000h}{chapter.8}% 880
\BOOKMARK [1][-]{section.8.74}{\376\377\0008\000.\0007\0004\000\040\000m\000o\000d\000u\000l\000e\000s\000/\000s\000r\000c\000/\000K\000e\000r\000n\000e\000l\000/\000p\000o\000i\000n\000t\000e\000r\000/\000s\000e\000t\000.\000h\000\040\000F\000i\000l\000e\000\040\000R\000e\000f\000e\000r\000e\000n\000c\000e}{chapter.8}% 881
\BOOKMARK [1][-]{section.8.75}{\376\377\0008\000.\0007\0005\000\040\000s\000e\000t\000.\000h}{chapter.8}% 882
\BOOKMARK [1][-]{section.8.76}{\376\377\0008\000.\0007\0006\000\040\000m\000o\000d\000u\000l\000e\000s\000/\000s\000r\000c\000/\000K\000e\000r\000n\000e\000l\000/\000s\000e\000t\000.\000h\000\040\000F\000i\000l\000e\000\040\000R\000e\000f\000e\000r\000e\000n\000c\000e}{chapter.8}% 883
\BOOKMARK [1][-]{section.8.77}{\376\377\0008\000.\0007\0007\000\040\000s\000e\000t\000.\000h}{chapter.8}% 884
\BOOKMARK [1][-]{section.8.78}{\376\377\0008\000.\0007\0008\000\040\000m\000o\000d\000u\000l\000e\000s\000/\000i\000n\000c\000l\000u\000d\000e\000/\000K\000e\000r\000n\000e\000l\000/\000t\000y\000p\000e\000d\000e\000f\000.\000h\000\040\000F\000i\000l\000e\000\040\000R\000e\000f\000e\000r\000e\000n\000c\000e}{chapter.8}% 885
\BOOKMARK [2][-]{subsection.8.78.1}{\376\377\0008\000.\0007\0008\000.\0001\000\040\000M\000a\000c\000r\000o\000\040\000D\000e\000f\000i\000n\000i\000t\000i\000o\000n\000\040\000D\000o\000c\000u\000m\000e\000n\000t\000a\000t\000i\000o\000n}{section.8.78}% 886
\BOOKMARK [3][-]{subsubsection.8.78.1.1}{\376\377\0008\000.\0007\0008\000.\0001\000.\0001\000\040\000R\000G\000\137\000H\000E\000R\000E\000\137\000F\000I\000L\000E\000\137\000N\000A\000M\000E}{subsection.8.78.1}% 887
\BOOKMARK [2][-]{subsection.8.78.2}{\376\377\0008\000.\0007\0008\000.\0002\000\040\000T\000y\000p\000e\000d\000e\000f\000\040\000D\000o\000c\000u\000m\000e\000n\000t\000a\000t\000i\000o\000n}{section.8.78}% 888
\BOOKMARK [3][-]{subsubsection.8.78.2.1}{\376\377\0008\000.\0007\0008\000.\0002\000.\0001\000\040\000D\000W\000O\000R\000D}{subsection.8.78.2}% 889
\BOOKMARK [3][-]{subsubsection.8.78.2.2}{\376\377\0008\000.\0007\0008\000.\0002\000.\0002\000\040\000W\000O\000R\000D}{subsection.8.78.2}% 890
\BOOKMARK [1][-]{section.8.79}{\376\377\0008\000.\0007\0009\000\040\000t\000y\000p\000e\000d\000e\000f\000.\000h}{chapter.8}% 891
\BOOKMARK [1][-]{section.8.80}{\376\377\0008\000.\0008\0000\000\040\000m\000o\000d\000u\000l\000e\000s\000/\000s\000r\000c\000/\000K\000e\000r\000n\000e\000l\000/\000t\000y\000p\000e\000d\000e\000f\000.\000h\000\040\000F\000i\000l\000e\000\040\000R\000e\000f\000e\000r\000e\000n\000c\000e}{chapter.8}% 892
\BOOKMARK [2][-]{subsection.8.80.1}{\376\377\0008\000.\0008\0000\000.\0001\000\040\000M\000a\000c\000r\000o\000\040\000D\000e\000f\000i\000n\000i\000t\000i\000o\000n\000\040\000D\000o\000c\000u\000m\000e\000n\000t\000a\000t\000i\000o\000n}{section.8.80}% 893
\BOOKMARK [3][-]{subsubsection.8.80.1.1}{\376\377\0008\000.\0008\0000\000.\0001\000.\0001\000\040\000R\000G\000\137\000H\000E\000R\000E\000\137\000F\000I\000L\000E\000\137\000N\000A\000M\000E}{subsection.8.80.1}% 894
\BOOKMARK [2][-]{subsection.8.80.2}{\376\377\0008\000.\0008\0000\000.\0002\000\040\000T\000y\000p\000e\000d\000e\000f\000\040\000D\000o\000c\000u\000m\000e\000n\000t\000a\000t\000i\000o\000n}{section.8.80}% 895
\BOOKMARK [3][-]{subsubsection.8.80.2.1}{\376\377\0008\000.\0008\0000\000.\0002\000.\0001\000\040\000i\000n\000t\0001\0006}{subsection.8.80.2}% 896
\BOOKMARK [3][-]{subsubsection.8.80.2.2}{\376\377\0008\000.\0008\0000\000.\0002\000.\0002\000\040\000i\000n\000t\0003\0002}{subsection.8.80.2}% 897
\BOOKMARK [3][-]{subsubsection.8.80.2.3}{\376\377\0008\000.\0008\0000\000.\0002\000.\0003\000\040\000l\000i\000n\000t}{subsection.8.80.2}% 898
\BOOKMARK [3][-]{subsubsection.8.80.2.4}{\376\377\0008\000.\0008\0000\000.\0002\000.\0004\000\040\000l\000u\000i\000n\000t}{subsection.8.80.2}% 899
\BOOKMARK [3][-]{subsubsection.8.80.2.5}{\376\377\0008\000.\0008\0000\000.\0002\000.\0005\000\040\000u\000c\000h\000a\000r}{subsection.8.80.2}% 900
\BOOKMARK [3][-]{subsubsection.8.80.2.6}{\376\377\0008\000.\0008\0000\000.\0002\000.\0006\000\040\000u\000i\000n\000t}{subsection.8.80.2}% 901
\BOOKMARK [3][-]{subsubsection.8.80.2.7}{\376\377\0008\000.\0008\0000\000.\0002\000.\0007\000\040\000u\000i\000n\000t\0001\0006}{subsection.8.80.2}% 902
\BOOKMARK [3][-]{subsubsection.8.80.2.8}{\376\377\0008\000.\0008\0000\000.\0002\000.\0008\000\040\000u\000i\000n\000t\0008}{subsection.8.80.2}% 903
\BOOKMARK [1][-]{section.8.81}{\376\377\0008\000.\0008\0001\000\040\000t\000y\000p\000e\000d\000e\000f\000.\000h}{chapter.8}% 904
